[{"model": "admin.logentry", "pk": 1, "fields": {"action_time": "2023-03-05T09:03:06.416Z", "user": 1, "content_type": 6, "object_id": "1", "object_repr": "Jeans", "action_flag": 1, "change_message": "[{\"added\": {}}]"}}, {"model": "admin.logentry", "pk": 2, "fields": {"action_time": "2023-03-05T09:03:30.670Z", "user": 1, "content_type": 6, "object_id": "2", "object_repr": "T-Shirts", "action_flag": 1, "change_message": "[{\"added\": {}}]"}}, {"model": "admin.logentry", "pk": 3, "fields": {"action_time": "2023-03-05T09:03:48.040Z", "user": 1, "content_type": 6, "object_id": "3", "object_repr": "Jacket", "action_flag": 1, "change_message": "[{\"added\": {}}]"}}, {"model": "admin.logentry", "pk": 4, "fields": {"action_time": "2023-03-05T09:04:01.448Z", "user": 1, "content_type": 6, "object_id": "4", "object_repr": "Shirts", "action_flag": 1, "change_message": "[{\"added\": {}}]"}}, {"model": "admin.logentry", "pk": 5, "fields": {"action_time": "2023-03-05T09:04:12.874Z", "user": 1, "content_type": 6, "object_id": "5", "object_repr": "Shoes", "action_flag": 1, "change_message": "[{\"added\": {}}]"}}, {"model": "admin.logentry", "pk": 6, "fields": {"action_time": "2023-03-05T09:09:54.368Z", "user": 1, "content_type": 8, "object_id": "1", "object_repr": "ATX jeans", "action_flag": 1, "change_message": "[{\"added\": {}}]"}}, {"model": "admin.logentry", "pk": 7, "fields": {"action_time": "2023-03-05T09:10:33.670Z", "user": 1, "content_type": 8, "object_id": "2", "object_repr": "Wrangler Shirt", "action_flag": 1, "change_message": "[{\"added\": {}}]"}}, {"model": "admin.logentry", "pk": 8, "fields": {"action_time": "2023-03-05T09:11:00.085Z", "user": 1, "content_type": 8, "object_id": "3", "object_repr": "US Polo Assn Jacket", "action_flag": 1, "change_message": "[{\"added\": {}}]"}}, {"model": "admin.logentry", "pk": 9, "fields": {"action_time": "2023-03-05T09:11:29.230Z", "user": 1, "content_type": 8, "object_id": "4", "object_repr": "Puma Ferrari Shoes", "action_flag": 1, "change_message": "[{\"added\": {}}]"}}, {"model": "admin.logentry", "pk": 10, "fields": {"action_time": "2023-03-05T09:12:01.173Z", "user": 1, "content_type": 8, "object_id": "5", "object_repr": "Mavi Jeans", "action_flag": 1, "change_message": "[{\"added\": {}}]"}}, {"model": "admin.logentry", "pk": 11, "fields": {"action_time": "2023-03-05T09:12:47.207Z", "user": 1, "content_type": 8, "object_id": "6", "object_repr": "Jorden Basketball Shoes", "action_flag": 1, "change_message": "[{\"added\": {}}]"}}, {"model": "admin.logentry", "pk": 12, "fields": {"action_time": "2023-03-05T09:13:27.184Z", "user": 1, "content_type": 8, "object_id": "7", "object_repr": "Great Tshirt", "action_flag": 1, "change_message": "[{\"added\": {}}]"}}, {"model": "admin.logentry", "pk": 13, "fields": {"action_time": "2023-03-05T09:14:10.528Z", "user": 1, "content_type": 8, "object_id": "8", "object_repr": "RXN Blue Shirt", "action_flag": 1, "change_message": "[{\"added\": {}}]"}}, {"model": "admin.logentry", "pk": 14, "fields": {"action_time": "2023-03-07T07:09:05.635Z", "user": 1, "content_type": 8, "object_id": "9", "object_repr": "random", "action_flag": 1, "change_message": "[{\"added\": {}}]"}}, {"model": "admin.logentry", "pk": 15, "fields": {"action_time": "2023-03-07T07:09:31.084Z", "user": 1, "content_type": 8, "object_id": "9", "object_repr": "random", "action_flag": 3, "change_message": ""}}, {"model": "admin.logentry", "pk": 16, "fields": {"action_time": "2023-03-08T05:02:50.568Z", "user": 1, "content_type": 8, "object_id": "10", "object_repr": "test", "action_flag": 1, "change_message": "[{\"added\": {}}]"}}, {"model": "admin.logentry", "pk": 17, "fields": {"action_time": "2023-03-08T05:03:06.667Z", "user": 1, "content_type": 8, "object_id": "10", "object_repr": "test", "action_flag": 3, "change_message": ""}}, {"model": "admin.logentry", "pk": 18, "fields": {"action_time": "2023-03-11T03:04:00.752Z", "user": 1, "content_type": 8, "object_id": "7", "object_repr": "Great Tshirt", "action_flag": 2, "change_message": "[{\"changed\": {\"fields\": [\"Stock\"]}}]"}}, {"model": "admin.logentry", "pk": 19, "fields": {"action_time": "2023-03-12T05:44:21.858Z", "user": 1, "content_type": 8, "object_id": "1", "object_repr": "ATX jeans", "action_flag": 2, "change_message": "[{\"changed\": {\"fields\": [\"Description\"]}}]"}}, {"model": "admin.logentry", "pk": 20, "fields": {"action_time": "2023-03-14T15:41:33.648Z", "user": 1, "content_type": 11, "object_id": "1", "object_repr": "Variation object (1)", "action_flag": 1, "change_message": "[{\"added\": {}}]"}}, {"model": "admin.logentry", "pk": 21, "fields": {"action_time": "2023-03-14T15:41:53.011Z", "user": 1, "content_type": 11, "object_id": "1", "object_repr": "Variation object (1)", "action_flag": 2, "change_message": "[]"}}, {"model": "admin.logentry", "pk": 22, "fields": {"action_time": "2023-03-14T15:42:11.744Z", "user": 1, "content_type": 11, "object_id": "2", "object_repr": "Variation object (2)", "action_flag": 1, "change_message": "[{\"added\": {}}]"}}, {"model": "admin.logentry", "pk": 23, "fields": {"action_time": "2023-03-14T15:42:25.405Z", "user": 1, "content_type": 11, "object_id": "3", "object_repr": "Variation object (3)", "action_flag": 1, "change_message": "[{\"added\": {}}]"}}, {"model": "admin.logentry", "pk": 24, "fields": {"action_time": "2023-03-14T15:42:35.074Z", "user": 1, "content_type": 11, "object_id": "4", "object_repr": "Variation object (4)", "action_flag": 1, "change_message": "[{\"added\": {}}]"}}, {"model": "admin.logentry", "pk": 25, "fields": {"action_time": "2023-03-15T01:26:31.038Z", "user": 1, "content_type": 11, "object_id": "5", "object_repr": "Variation object (5)", "action_flag": 1, "change_message": "[{\"added\": {}}]"}}, {"model": "admin.logentry", "pk": 26, "fields": {"action_time": "2023-03-16T01:49:02.879Z", "user": 1, "content_type": 10, "object_id": "1", "object_repr": "CartItem object (1)", "action_flag": 3, "change_message": ""}}, {"model": "admin.logentry", "pk": 27, "fields": {"action_time": "2023-03-16T01:49:06.686Z", "user": 1, "content_type": 10, "object_id": "6", "object_repr": "CartItem object (6)", "action_flag": 3, "change_message": ""}}, {"model": "admin.logentry", "pk": 28, "fields": {"action_time": "2023-03-16T01:49:09.991Z", "user": 1, "content_type": 10, "object_id": "7", "object_repr": "CartItem object (7)", "action_flag": 3, "change_message": ""}}, {"model": "admin.logentry", "pk": 29, "fields": {"action_time": "2023-03-16T01:49:14.170Z", "user": 1, "content_type": 10, "object_id": "9", "object_repr": "CartItem object (9)", "action_flag": 3, "change_message": ""}}, {"model": "admin.logentry", "pk": 30, "fields": {"action_time": "2023-03-16T01:49:16.926Z", "user": 1, "content_type": 10, "object_id": "26", "object_repr": "CartItem object (26)", "action_flag": 3, "change_message": ""}}, {"model": "admin.logentry", "pk": 31, "fields": {"action_time": "2023-03-16T11:26:10.313Z", "user": 1, "content_type": 10, "object_id": "28", "object_repr": "CartItem object (28)", "action_flag": 2, "change_message": "[{\"changed\": {\"fields\": [\"Variations\"]}}]"}}, {"model": "admin.logentry", "pk": 32, "fields": {"action_time": "2023-03-16T11:26:21.405Z", "user": 1, "content_type": 10, "object_id": "28", "object_repr": "CartItem object (28)", "action_flag": 2, "change_message": "[{\"changed\": {\"fields\": [\"Variations\"]}}]"}}, {"model": "admin.logentry", "pk": 33, "fields": {"action_time": "2023-03-16T11:26:29.306Z", "user": 1, "content_type": 10, "object_id": "28", "object_repr": "CartItem object (28)", "action_flag": 2, "change_message": "[{\"changed\": {\"fields\": [\"Variations\"]}}]"}}, {"model": "admin.logentry", "pk": 34, "fields": {"action_time": "2023-03-16T11:32:36.663Z", "user": 1, "content_type": 10, "object_id": "28", "object_repr": "CartItem object (28)", "action_flag": 2, "change_message": "[{\"changed\": {\"fields\": [\"Variations\"]}}]"}}, {"model": "admin.logentry", "pk": 35, "fields": {"action_time": "2023-03-16T12:04:04.186Z", "user": 1, "content_type": 10, "object_id": "29", "object_repr": "CartItem object (29)", "action_flag": 2, "change_message": "[{\"changed\": {\"fields\": [\"Quantity\"]}}]"}}, {"model": "admin.logentry", "pk": 36, "fields": {"action_time": "2023-03-18T03:41:47.043Z", "user": 1, "content_type": 10, "object_id": "29", "object_repr": "CartItem object (29)", "action_flag": 3, "change_message": ""}}, {"model": "admin.logentry", "pk": 37, "fields": {"action_time": "2023-03-18T10:06:44.866Z", "user": 1, "content_type": 7, "object_id": "2", "object_repr": "sec.sudarshanuprety@gmail.com", "action_flag": 3, "change_message": ""}}, {"model": "admin.logentry", "pk": 38, "fields": {"action_time": "2023-03-18T10:09:25.219Z", "user": 1, "content_type": 7, "object_id": "9", "object_repr": "sec.sudarshanuprety@gmail.com", "action_flag": 2, "change_message": "[{\"changed\": {\"fields\": [\"Is active\"]}}]"}}, {"model": "admin.logentry", "pk": 39, "fields": {"action_time": "2023-03-18T10:09:53.964Z", "user": 1, "content_type": 7, "object_id": "9", "object_repr": "sec.sudarshanuprety@gmail.com", "action_flag": 2, "change_message": "[{\"changed\": {\"fields\": [\"Is active\"]}}]"}}, {"model": "admin.logentry", "pk": 40, "fields": {"action_time": "2023-03-19T03:14:12.475Z", "user": 1, "content_type": 7, "object_id": "3", "object_repr": "aec.sudarshanuprety@gmail.com", "action_flag": 3, "change_message": ""}}, {"model": "admin.logentry", "pk": 41, "fields": {"action_time": "2023-03-19T03:18:33.200Z", "user": 1, "content_type": 7, "object_id": "9", "object_repr": "sec.sudarshanuprety@gmail.com", "action_flag": 3, "change_message": ""}}, {"model": "admin.logentry", "pk": 42, "fields": {"action_time": "2023-03-19T03:22:38.623Z", "user": 1, "content_type": 7, "object_id": "10", "object_repr": "sec.sudarshanuprety@gmail.com", "action_flag": 3, "change_message": ""}}, {"model": "admin.logentry", "pk": 43, "fields": {"action_time": "2023-03-19T03:24:53.363Z", "user": 1, "content_type": 7, "object_id": "11", "object_repr": "sec.sudarshanuprety@gmail.com", "action_flag": 3, "change_message": ""}}, {"model": "admin.logentry", "pk": 44, "fields": {"action_time": "2023-03-19T03:26:24.436Z", "user": 1, "content_type": 7, "object_id": "12", "object_repr": "sec.sudarshanuprety@gmail.com", "action_flag": 3, "change_message": ""}}, {"model": "admin.logentry", "pk": 45, "fields": {"action_time": "2023-03-19T03:38:16.112Z", "user": 1, "content_type": 7, "object_id": "13", "object_repr": "sec.sudarshanuprety@gmail.com", "action_flag": 3, "change_message": ""}}, {"model": "admin.logentry", "pk": 46, "fields": {"action_time": "2023-03-19T03:50:19.251Z", "user": 1, "content_type": 7, "object_id": "14", "object_repr": "sec.sudarshanuprety@gmail.com", "action_flag": 3, "change_message": ""}}, {"model": "admin.logentry", "pk": 47, "fields": {"action_time": "2023-03-19T03:51:57.794Z", "user": 1, "content_type": 7, "object_id": "15", "object_repr": "sec.sudarshanuprety@gmail.com", "action_flag": 3, "change_message": ""}}, {"model": "admin.logentry", "pk": 48, "fields": {"action_time": "2023-03-19T03:53:10.709Z", "user": 1, "content_type": 7, "object_id": "16", "object_repr": "sec.sudarshanuprety@gmail.com", "action_flag": 3, "change_message": ""}}, {"model": "admin.logentry", "pk": 49, "fields": {"action_time": "2023-03-19T03:56:29.729Z", "user": 1, "content_type": 7, "object_id": "17", "object_repr": "sec.sudarshanuprety@gmail.com", "action_flag": 3, "change_message": ""}}, {"model": "admin.logentry", "pk": 50, "fields": {"action_time": "2023-03-19T04:00:02.653Z", "user": 1, "content_type": 7, "object_id": "18", "object_repr": "sec.sudarshanuprety@gmail.com", "action_flag": 3, "change_message": ""}}, {"model": "admin.logentry", "pk": 51, "fields": {"action_time": "2023-03-19T04:16:36.239Z", "user": 1, "content_type": 7, "object_id": "19", "object_repr": "sec.sudarshanuprety@gmail.com", "action_flag": 3, "change_message": ""}}, {"model": "admin.logentry", "pk": 52, "fields": {"action_time": "2023-03-21T08:43:52.376Z", "user": 1, "content_type": 7, "object_id": "21", "object_repr": "prasunabista16@gmail.com", "action_flag": 3, "change_message": ""}}, {"model": "admin.logentry", "pk": 53, "fields": {"action_time": "2023-03-21T08:45:09.577Z", "user": 1, "content_type": 7, "object_id": "22", "object_repr": "prasunabista16@gmail.com", "action_flag": 3, "change_message": ""}}, {"model": "admin.logentry", "pk": 54, "fields": {"action_time": "2023-03-21T08:46:42.378Z", "user": 1, "content_type": 7, "object_id": "23", "object_repr": "prasunabista16@gmail.com", "action_flag": 3, "change_message": ""}}, {"model": "admin.logentry", "pk": 55, "fields": {"action_time": "2023-04-02T14:58:53.650Z", "user": 1, "content_type": 7, "object_id": "20", "object_repr": "sec.sudarshanuprety@gmail.com", "action_flag": 3, "change_message": ""}}, {"model": "admin.logentry", "pk": 56, "fields": {"action_time": "2023-04-02T15:54:46.691Z", "user": 1, "content_type": 7, "object_id": "24", "object_repr": "sec.sudarshanuprety@gmail.com", "action_flag": 3, "change_message": ""}}, {"model": "admin.logentry", "pk": 57, "fields": {"action_time": "2023-04-05T14:18:40.561Z", "user": 1, "content_type": 9, "object_id": "16", "object_repr": "e1n0edq96o0o092sgd8smtgapbwdywog", "action_flag": 3, "change_message": ""}}, {"model": "admin.logentry", "pk": 58, "fields": {"action_time": "2023-04-05T14:18:40.571Z", "user": 1, "content_type": 9, "object_id": "15", "object_repr": "o03htucgzi188vzd2bxke2a7ck21k1jn", "action_flag": 3, "change_message": ""}}, {"model": "admin.logentry", "pk": 59, "fields": {"action_time": "2023-04-05T14:18:40.581Z", "user": 1, "content_type": 9, "object_id": "14", "object_repr": "of1mv5knp9clpieaonupye5gwe3su1dt", "action_flag": 3, "change_message": ""}}, {"model": "admin.logentry", "pk": 60, "fields": {"action_time": "2023-04-05T14:18:40.590Z", "user": 1, "content_type": 9, "object_id": "13", "object_repr": "abpkvpru6dpxoclbaj1avgcgrhv2sljk", "action_flag": 3, "change_message": ""}}, {"model": "admin.logentry", "pk": 61, "fields": {"action_time": "2023-04-05T14:18:40.599Z", "user": 1, "content_type": 9, "object_id": "12", "object_repr": "d01xsd4f4symnvh56kl2uf0pw1c8ke98", "action_flag": 3, "change_message": ""}}, {"model": "admin.logentry", "pk": 62, "fields": {"action_time": "2023-04-05T14:18:40.608Z", "user": 1, "content_type": 9, "object_id": "11", "object_repr": "j5heuk35dqax3ijda87bzu8m0blll19e", "action_flag": 3, "change_message": ""}}, {"model": "admin.logentry", "pk": 63, "fields": {"action_time": "2023-04-05T14:18:40.618Z", "user": 1, "content_type": 9, "object_id": "10", "object_repr": "j88ykugkewg0jypkjmw5n1cz1jz9t4ra", "action_flag": 3, "change_message": ""}}, {"model": "admin.logentry", "pk": 64, "fields": {"action_time": "2023-04-05T14:18:40.627Z", "user": 1, "content_type": 9, "object_id": "9", "object_repr": "hjxnavctm2ogq3rs1xrc48821jxlud2y", "action_flag": 3, "change_message": ""}}, {"model": "admin.logentry", "pk": 65, "fields": {"action_time": "2023-04-05T14:18:40.636Z", "user": 1, "content_type": 9, "object_id": "8", "object_repr": "u1v64edjcs4soyr9dthd0i0b3ba7qyew", "action_flag": 3, "change_message": ""}}, {"model": "admin.logentry", "pk": 66, "fields": {"action_time": "2023-04-05T14:18:40.646Z", "user": 1, "content_type": 9, "object_id": "7", "object_repr": "ak175lw6grf5akfcuoc4688z2nmy05p0", "action_flag": 3, "change_message": ""}}, {"model": "admin.logentry", "pk": 67, "fields": {"action_time": "2023-04-05T14:18:40.655Z", "user": 1, "content_type": 9, "object_id": "6", "object_repr": "hrqdli12tp9slqwsv0084buib6b5brm1", "action_flag": 3, "change_message": ""}}, {"model": "admin.logentry", "pk": 68, "fields": {"action_time": "2023-04-05T14:18:40.665Z", "user": 1, "content_type": 9, "object_id": "5", "object_repr": "xjzmuxl3a5iw8rw1ejaeqzp3583vp5fe", "action_flag": 3, "change_message": ""}}, {"model": "admin.logentry", "pk": 69, "fields": {"action_time": "2023-04-05T14:18:40.674Z", "user": 1, "content_type": 9, "object_id": "4", "object_repr": "z4u9y1zdkwipy8rpwuhzhn02tmwqq4hr", "action_flag": 3, "change_message": ""}}, {"model": "admin.logentry", "pk": 70, "fields": {"action_time": "2023-04-05T14:18:40.684Z", "user": 1, "content_type": 9, "object_id": "3", "object_repr": "jmf4or52gs963viap5zwwp96fldsri26", "action_flag": 3, "change_message": ""}}, {"model": "admin.logentry", "pk": 71, "fields": {"action_time": "2023-04-05T14:18:40.693Z", "user": 1, "content_type": 9, "object_id": "2", "object_repr": "2xhowuu2fp2y8t760jbg1fkylkwt554y", "action_flag": 3, "change_message": ""}}, {"model": "admin.logentry", "pk": 72, "fields": {"action_time": "2023-04-05T14:18:40.703Z", "user": 1, "content_type": 9, "object_id": "1", "object_repr": "gepe1xr27k6zdzfdvum734okib5pa5he", "action_flag": 3, "change_message": ""}}, {"model": "admin.logentry", "pk": 73, "fields": {"action_time": "2023-04-05T14:22:32.648Z", "user": 1, "content_type": 9, "object_id": "17", "object_repr": "aug0uv2835hu0mp2slx19o0vopxuxyjh", "action_flag": 3, "change_message": ""}}, {"model": "admin.logentry", "pk": 74, "fields": {"action_time": "2023-04-05T14:22:40.675Z", "user": 1, "content_type": 9, "object_id": "18", "object_repr": "st09uzevi49ajsqt6s98l4soz1zvckfz", "action_flag": 3, "change_message": ""}}, {"model": "admin.logentry", "pk": 75, "fields": {"action_time": "2023-04-10T02:42:04.755Z", "user": 1, "content_type": 10, "object_id": "60", "object_repr": "CartItem object (60)", "action_flag": 3, "change_message": ""}}, {"model": "admin.logentry", "pk": 76, "fields": {"action_time": "2023-04-10T02:42:04.758Z", "user": 1, "content_type": 10, "object_id": "59", "object_repr": "CartItem object (59)", "action_flag": 3, "change_message": ""}}, {"model": "admin.logentry", "pk": 77, "fields": {"action_time": "2023-04-10T02:42:04.761Z", "user": 1, "content_type": 10, "object_id": "58", "object_repr": "CartItem object (58)", "action_flag": 3, "change_message": ""}}, {"model": "admin.logentry", "pk": 78, "fields": {"action_time": "2023-04-10T02:42:04.764Z", "user": 1, "content_type": 10, "object_id": "57", "object_repr": "CartItem object (57)", "action_flag": 3, "change_message": ""}}, {"model": "admin.logentry", "pk": 79, "fields": {"action_time": "2023-04-10T04:59:54.160Z", "user": 1, "content_type": 9, "object_id": "21", "object_repr": "2v7mvp29uvjn6pcz4e5sav85e2jx3c8a", "action_flag": 3, "change_message": ""}}, {"model": "admin.logentry", "pk": 80, "fields": {"action_time": "2023-04-10T04:59:54.163Z", "user": 1, "content_type": 9, "object_id": "20", "object_repr": "5rrh87yy8xil0g0iry6hhi2z4dtxctd5", "action_flag": 3, "change_message": ""}}, {"model": "admin.logentry", "pk": 81, "fields": {"action_time": "2023-04-10T04:59:54.166Z", "user": 1, "content_type": 9, "object_id": "19", "object_repr": "c750vf1ac9z2d5rrff65qlqs1ss8i1hv", "action_flag": 3, "change_message": ""}}, {"model": "admin.logentry", "pk": 82, "fields": {"action_time": "2023-04-10T05:00:20.142Z", "user": 1, "content_type": 10, "object_id": "64", "object_repr": "CartItem object (64)", "action_flag": 3, "change_message": ""}}, {"model": "admin.logentry", "pk": 83, "fields": {"action_time": "2023-04-10T05:00:20.146Z", "user": 1, "content_type": 10, "object_id": "63", "object_repr": "CartItem object (63)", "action_flag": 3, "change_message": ""}}, {"model": "admin.logentry", "pk": 84, "fields": {"action_time": "2023-04-10T05:00:20.148Z", "user": 1, "content_type": 10, "object_id": "62", "object_repr": "CartItem object (62)", "action_flag": 3, "change_message": ""}}, {"model": "admin.logentry", "pk": 85, "fields": {"action_time": "2023-04-10T05:00:20.150Z", "user": 1, "content_type": 10, "object_id": "61", "object_repr": "CartItem object (61)", "action_flag": 3, "change_message": ""}}, {"model": "admin.logentry", "pk": 86, "fields": {"action_time": "2023-04-26T08:59:52.640Z", "user": 1, "content_type": 7, "object_id": "25", "object_repr": "sec.sudarshanuprety@gmail.com", "action_flag": 3, "change_message": ""}}, {"model": "admin.logentry", "pk": 87, "fields": {"action_time": "2023-04-26T09:04:41.921Z", "user": 1, "content_type": 11, "object_id": "6", "object_repr": "medium", "action_flag": 1, "change_message": "[{\"added\": {}}]"}}, {"model": "admin.logentry", "pk": 88, "fields": {"action_time": "2023-04-26T09:05:06.733Z", "user": 1, "content_type": 11, "object_id": "7", "object_repr": "Large", "action_flag": 1, "change_message": "[{\"added\": {}}]"}}, {"model": "admin.logentry", "pk": 89, "fields": {"action_time": "2023-04-26T09:38:23.739Z", "user": 1, "content_type": 11, "object_id": "8", "object_repr": "white", "action_flag": 1, "change_message": "[{\"added\": {}}]"}}, {"model": "admin.logentry", "pk": 90, "fields": {"action_time": "2023-04-26T15:23:09.381Z", "user": 1, "content_type": 7, "object_id": "29", "object_repr": "bhagawanprasaduprety@gamil.com", "action_flag": 3, "change_message": ""}}, {"model": "admin.logentry", "pk": 91, "fields": {"action_time": "2023-04-26T15:33:07.743Z", "user": 1, "content_type": 11, "object_id": "9", "object_repr": "red", "action_flag": 1, "change_message": "[{\"added\": {}}]"}}, {"model": "admin.logentry", "pk": 92, "fields": {"action_time": "2023-04-26T15:33:21.047Z", "user": 1, "content_type": 11, "object_id": "10", "object_repr": "green", "action_flag": 1, "change_message": "[{\"added\": {}}]"}}, {"model": "admin.logentry", "pk": 93, "fields": {"action_time": "2023-04-26T15:33:39.356Z", "user": 1, "content_type": 11, "object_id": "11", "object_repr": "small", "action_flag": 1, "change_message": "[{\"added\": {}}]"}}, {"model": "admin.logentry", "pk": 94, "fields": {"action_time": "2023-04-26T15:35:37.650Z", "user": 1, "content_type": 11, "object_id": "12", "object_repr": "medium", "action_flag": 1, "change_message": "[{\"added\": {}}]"}}, {"model": "admin.logentry", "pk": 95, "fields": {"action_time": "2023-04-26T15:36:54.434Z", "user": 1, "content_type": 11, "object_id": "13", "object_repr": "red", "action_flag": 1, "change_message": "[{\"added\": {}}]"}}, {"model": "admin.logentry", "pk": 96, "fields": {"action_time": "2023-04-26T15:37:04.426Z", "user": 1, "content_type": 11, "object_id": "14", "object_repr": "blue", "action_flag": 1, "change_message": "[{\"added\": {}}]"}}, {"model": "admin.logentry", "pk": 97, "fields": {"action_time": "2023-04-26T15:37:15.706Z", "user": 1, "content_type": 11, "object_id": "15", "object_repr": "white", "action_flag": 1, "change_message": "[{\"added\": {}}]"}}, {"model": "admin.logentry", "pk": 98, "fields": {"action_time": "2023-04-26T15:37:30.238Z", "user": 1, "content_type": 11, "object_id": "16", "object_repr": "large", "action_flag": 1, "change_message": "[{\"added\": {}}]"}}, {"model": "admin.logentry", "pk": 99, "fields": {"action_time": "2023-04-26T15:37:41.811Z", "user": 1, "content_type": 11, "object_id": "17", "object_repr": "medium", "action_flag": 1, "change_message": "[{\"added\": {}}]"}}, {"model": "admin.logentry", "pk": 100, "fields": {"action_time": "2023-04-26T15:37:53.860Z", "user": 1, "content_type": 11, "object_id": "18", "object_repr": "small", "action_flag": 1, "change_message": "[{\"added\": {}}]"}}, {"model": "admin.logentry", "pk": 101, "fields": {"action_time": "2023-04-26T16:55:13.729Z", "user": 1, "content_type": 11, "object_id": "19", "object_repr": "medium", "action_flag": 1, "change_message": "[{\"added\": {}}]"}}, {"model": "admin.logentry", "pk": 102, "fields": {"action_time": "2023-04-26T16:55:24.244Z", "user": 1, "content_type": 11, "object_id": "20", "object_repr": "large", "action_flag": 1, "change_message": "[{\"added\": {}}]"}}, {"model": "admin.logentry", "pk": 103, "fields": {"action_time": "2023-04-26T16:55:34.945Z", "user": 1, "content_type": 11, "object_id": "21", "object_repr": "white", "action_flag": 1, "change_message": "[{\"added\": {}}]"}}, {"model": "admin.logentry", "pk": 104, "fields": {"action_time": "2023-04-26T16:55:49.743Z", "user": 1, "content_type": 11, "object_id": "22", "object_repr": "red-white", "action_flag": 1, "change_message": "[{\"added\": {}}]"}}, {"model": "admin.logentry", "pk": 105, "fields": {"action_time": "2023-04-26T16:56:15.563Z", "user": 1, "content_type": 11, "object_id": "23", "object_repr": "large", "action_flag": 1, "change_message": "[{\"added\": {}}]"}}, {"model": "admin.logentry", "pk": 106, "fields": {"action_time": "2023-04-26T16:56:27.195Z", "user": 1, "content_type": 11, "object_id": "24", "object_repr": "small", "action_flag": 1, "change_message": "[{\"added\": {}}]"}}, {"model": "admin.logentry", "pk": 107, "fields": {"action_time": "2023-04-26T16:56:38.670Z", "user": 1, "content_type": 11, "object_id": "25", "object_repr": "medium", "action_flag": 1, "change_message": "[{\"added\": {}}]"}}, {"model": "admin.logentry", "pk": 108, "fields": {"action_time": "2023-04-26T16:56:53.271Z", "user": 1, "content_type": 11, "object_id": "26", "object_repr": "small", "action_flag": 1, "change_message": "[{\"added\": {}}]"}}, {"model": "admin.logentry", "pk": 109, "fields": {"action_time": "2023-04-26T16:57:04.734Z", "user": 1, "content_type": 11, "object_id": "27", "object_repr": "medium", "action_flag": 1, "change_message": "[{\"added\": {}}]"}}, {"model": "admin.logentry", "pk": 110, "fields": {"action_time": "2023-04-26T16:57:15.553Z", "user": 1, "content_type": 11, "object_id": "28", "object_repr": "lerge", "action_flag": 1, "change_message": "[{\"added\": {}}]"}}, {"model": "admin.logentry", "pk": 111, "fields": {"action_time": "2023-04-26T16:57:27.899Z", "user": 1, "content_type": 11, "object_id": "29", "object_repr": "black", "action_flag": 1, "change_message": "[{\"added\": {}}]"}}, {"model": "admin.logentry", "pk": 112, "fields": {"action_time": "2023-04-26T16:57:39.891Z", "user": 1, "content_type": 11, "object_id": "30", "object_repr": "brown", "action_flag": 1, "change_message": "[{\"added\": {}}]"}}, {"model": "admin.logentry", "pk": 113, "fields": {"action_time": "2023-04-26T16:57:52.641Z", "user": 1, "content_type": 11, "object_id": "31", "object_repr": "large", "action_flag": 1, "change_message": "[{\"added\": {}}]"}}, {"model": "admin.logentry", "pk": 114, "fields": {"action_time": "2023-04-26T16:58:03.048Z", "user": 1, "content_type": 11, "object_id": "32", "object_repr": "medium", "action_flag": 1, "change_message": "[{\"added\": {}}]"}}, {"model": "admin.logentry", "pk": 115, "fields": {"action_time": "2023-04-26T16:58:22.165Z", "user": 1, "content_type": 11, "object_id": "33", "object_repr": "small", "action_flag": 1, "change_message": "[{\"added\": {}}]"}}, {"model": "admin.logentry", "pk": 116, "fields": {"action_time": "2023-04-26T16:58:44.422Z", "user": 1, "content_type": 11, "object_id": "34", "object_repr": "orange(default)", "action_flag": 1, "change_message": "[{\"added\": {}}]"}}, {"model": "admin.logentry", "pk": 117, "fields": {"action_time": "2023-04-26T16:59:06.883Z", "user": 1, "content_type": 11, "object_id": "35", "object_repr": "blue", "action_flag": 1, "change_message": "[{\"added\": {}}]"}}, {"model": "admin.logentry", "pk": 118, "fields": {"action_time": "2023-04-26T16:59:18.939Z", "user": 1, "content_type": 11, "object_id": "36", "object_repr": "white-blue", "action_flag": 1, "change_message": "[{\"added\": {}}]"}}, {"model": "admin.logentry", "pk": 119, "fields": {"action_time": "2023-04-26T16:59:29.824Z", "user": 1, "content_type": 11, "object_id": "37", "object_repr": "small", "action_flag": 1, "change_message": "[{\"added\": {}}]"}}, {"model": "admin.logentry", "pk": 120, "fields": {"action_time": "2023-04-26T16:59:41.326Z", "user": 1, "content_type": 11, "object_id": "38", "object_repr": "medium", "action_flag": 1, "change_message": "[{\"added\": {}}]"}}, {"model": "admin.logentry", "pk": 121, "fields": {"action_time": "2023-04-26T16:59:51.731Z", "user": 1, "content_type": 11, "object_id": "39", "object_repr": "large", "action_flag": 1, "change_message": "[{\"added\": {}}]"}}, {"model": "admin.logentry", "pk": 122, "fields": {"action_time": "2023-04-26T17:00:34.010Z", "user": 1, "content_type": 11, "object_id": "40", "object_repr": "blue", "action_flag": 1, "change_message": "[{\"added\": {}}]"}}, {"model": "admin.logentry", "pk": 123, "fields": {"action_time": "2023-04-27T10:14:40.261Z", "user": 1, "content_type": 7, "object_id": "32", "object_repr": "adityakshetry12@gmail.com", "action_flag": 2, "change_message": "[{\"changed\": {\"fields\": [\"Is admin\", \"Is staff\", \"Is active\", \"Is superadmin\"]}}]"}}, {"model": "admin.logentry", "pk": 124, "fields": {"action_time": "2023-04-27T11:30:12.831Z", "user": 1, "content_type": 7, "object_id": "34", "object_repr": "roshankarki1276@gmail.com", "action_flag": 2, "change_message": "[{\"changed\": {\"fields\": [\"Is superadmin\"]}}]"}}, {"model": "admin.logentry", "pk": 125, "fields": {"action_time": "2023-04-27T11:52:32.131Z", "user": 1, "content_type": 7, "object_id": "34", "object_repr": "roshankarki1276@gmail.com", "action_flag": 2, "change_message": "[{\"changed\": {\"fields\": [\"Is admin\", \"Is staff\"]}}]"}}, {"model": "admin.logentry", "pk": 126, "fields": {"action_time": "2023-04-27T11:56:53.912Z", "user": 34, "content_type": 7, "object_id": "33", "object_repr": "maya@gmail.com", "action_flag": 3, "change_message": ""}}, {"model": "admin.logentry", "pk": 127, "fields": {"action_time": "2023-05-03T12:06:46.283Z", "user": 1, "content_type": 8, "object_id": "9", "object_repr": "suds", "action_flag": 1, "change_message": "[{\"added\": {}}]"}}, {"model": "admin.logentry", "pk": 128, "fields": {"action_time": "2023-05-03T12:07:31.805Z", "user": 1, "content_type": 8, "object_id": "9", "object_repr": "suds", "action_flag": 3, "change_message": ""}}, {"model": "admin.logentry", "pk": 129, "fields": {"action_time": "2023-05-03T12:12:22.500Z", "user": 1, "content_type": 11, "object_id": "41", "object_repr": "yellow", "action_flag": 1, "change_message": "[{\"added\": {}}]"}}, {"model": "auth.permission", "pk": 1, "fields": {"name": "Can add log entry", "content_type": 1, "codename": "add_logentry"}}, {"model": "auth.permission", "pk": 2, "fields": {"name": "Can change log entry", "content_type": 1, "codename": "change_logentry"}}, {"model": "auth.permission", "pk": 3, "fields": {"name": "Can delete log entry", "content_type": 1, "codename": "delete_logentry"}}, {"model": "auth.permission", "pk": 4, "fields": {"name": "Can view log entry", "content_type": 1, "codename": "view_logentry"}}, {"model": "auth.permission", "pk": 5, "fields": {"name": "Can add permission", "content_type": 2, "codename": "add_permission"}}, {"model": "auth.permission", "pk": 6, "fields": {"name": "Can change permission", "content_type": 2, "codename": "change_permission"}}, {"model": "auth.permission", "pk": 7, "fields": {"name": "Can delete permission", "content_type": 2, "codename": "delete_permission"}}, {"model": "auth.permission", "pk": 8, "fields": {"name": "Can view permission", "content_type": 2, "codename": "view_permission"}}, {"model": "auth.permission", "pk": 9, "fields": {"name": "Can add group", "content_type": 3, "codename": "add_group"}}, {"model": "auth.permission", "pk": 10, "fields": {"name": "Can change group", "content_type": 3, "codename": "change_group"}}, {"model": "auth.permission", "pk": 11, "fields": {"name": "Can delete group", "content_type": 3, "codename": "delete_group"}}, {"model": "auth.permission", "pk": 12, "fields": {"name": "Can view group", "content_type": 3, "codename": "view_group"}}, {"model": "auth.permission", "pk": 13, "fields": {"name": "Can add content type", "content_type": 4, "codename": "add_contenttype"}}, {"model": "auth.permission", "pk": 14, "fields": {"name": "Can change content type", "content_type": 4, "codename": "change_contenttype"}}, {"model": "auth.permission", "pk": 15, "fields": {"name": "Can delete content type", "content_type": 4, "codename": "delete_contenttype"}}, {"model": "auth.permission", "pk": 16, "fields": {"name": "Can view content type", "content_type": 4, "codename": "view_contenttype"}}, {"model": "auth.permission", "pk": 17, "fields": {"name": "Can add session", "content_type": 5, "codename": "add_session"}}, {"model": "auth.permission", "pk": 18, "fields": {"name": "Can change session", "content_type": 5, "codename": "change_session"}}, {"model": "auth.permission", "pk": 19, "fields": {"name": "Can delete session", "content_type": 5, "codename": "delete_session"}}, {"model": "auth.permission", "pk": 20, "fields": {"name": "Can view session", "content_type": 5, "codename": "view_session"}}, {"model": "auth.permission", "pk": 21, "fields": {"name": "Can add category", "content_type": 6, "codename": "add_category"}}, {"model": "auth.permission", "pk": 22, "fields": {"name": "Can change category", "content_type": 6, "codename": "change_category"}}, {"model": "auth.permission", "pk": 23, "fields": {"name": "Can delete category", "content_type": 6, "codename": "delete_category"}}, {"model": "auth.permission", "pk": 24, "fields": {"name": "Can view category", "content_type": 6, "codename": "view_category"}}, {"model": "auth.permission", "pk": 25, "fields": {"name": "Can add account", "content_type": 7, "codename": "add_account"}}, {"model": "auth.permission", "pk": 26, "fields": {"name": "Can change account", "content_type": 7, "codename": "change_account"}}, {"model": "auth.permission", "pk": 27, "fields": {"name": "Can delete account", "content_type": 7, "codename": "delete_account"}}, {"model": "auth.permission", "pk": 28, "fields": {"name": "Can view account", "content_type": 7, "codename": "view_account"}}, {"model": "auth.permission", "pk": 29, "fields": {"name": "Can add product", "content_type": 8, "codename": "add_product"}}, {"model": "auth.permission", "pk": 30, "fields": {"name": "Can change product", "content_type": 8, "codename": "change_product"}}, {"model": "auth.permission", "pk": 31, "fields": {"name": "Can delete product", "content_type": 8, "codename": "delete_product"}}, {"model": "auth.permission", "pk": 32, "fields": {"name": "Can view product", "content_type": 8, "codename": "view_product"}}, {"model": "auth.permission", "pk": 33, "fields": {"name": "Can add cart", "content_type": 9, "codename": "add_cart"}}, {"model": "auth.permission", "pk": 34, "fields": {"name": "Can change cart", "content_type": 9, "codename": "change_cart"}}, {"model": "auth.permission", "pk": 35, "fields": {"name": "Can delete cart", "content_type": 9, "codename": "delete_cart"}}, {"model": "auth.permission", "pk": 36, "fields": {"name": "Can view cart", "content_type": 9, "codename": "view_cart"}}, {"model": "auth.permission", "pk": 37, "fields": {"name": "Can add cart item", "content_type": 10, "codename": "add_cartitem"}}, {"model": "auth.permission", "pk": 38, "fields": {"name": "Can change cart item", "content_type": 10, "codename": "change_cartitem"}}, {"model": "auth.permission", "pk": 39, "fields": {"name": "Can delete cart item", "content_type": 10, "codename": "delete_cartitem"}}, {"model": "auth.permission", "pk": 40, "fields": {"name": "Can view cart item", "content_type": 10, "codename": "view_cartitem"}}, {"model": "auth.permission", "pk": 41, "fields": {"name": "Can add variation", "content_type": 11, "codename": "add_variation"}}, {"model": "auth.permission", "pk": 42, "fields": {"name": "Can change variation", "content_type": 11, "codename": "change_variation"}}, {"model": "auth.permission", "pk": 43, "fields": {"name": "Can delete variation", "content_type": 11, "codename": "delete_variation"}}, {"model": "auth.permission", "pk": 44, "fields": {"name": "Can view variation", "content_type": 11, "codename": "view_variation"}}, {"model": "auth.permission", "pk": 45, "fields": {"name": "Can add order product", "content_type": 12, "codename": "add_orderproduct"}}, {"model": "auth.permission", "pk": 46, "fields": {"name": "Can change order product", "content_type": 12, "codename": "change_orderproduct"}}, {"model": "auth.permission", "pk": 47, "fields": {"name": "Can delete order product", "content_type": 12, "codename": "delete_orderproduct"}}, {"model": "auth.permission", "pk": 48, "fields": {"name": "Can view order product", "content_type": 12, "codename": "view_orderproduct"}}, {"model": "auth.permission", "pk": 49, "fields": {"name": "Can add order", "content_type": 13, "codename": "add_order"}}, {"model": "auth.permission", "pk": 50, "fields": {"name": "Can change order", "content_type": 13, "codename": "change_order"}}, {"model": "auth.permission", "pk": 51, "fields": {"name": "Can delete order", "content_type": 13, "codename": "delete_order"}}, {"model": "auth.permission", "pk": 52, "fields": {"name": "Can view order", "content_type": 13, "codename": "view_order"}}, {"model": "auth.permission", "pk": 53, "fields": {"name": "Can add payment", "content_type": 14, "codename": "add_payment"}}, {"model": "auth.permission", "pk": 54, "fields": {"name": "Can change payment", "content_type": 14, "codename": "change_payment"}}, {"model": "auth.permission", "pk": 55, "fields": {"name": "Can delete payment", "content_type": 14, "codename": "delete_payment"}}, {"model": "auth.permission", "pk": 56, "fields": {"name": "Can view payment", "content_type": 14, "codename": "view_payment"}}, {"model": "auth.permission", "pk": 57, "fields": {"name": "Can add user profile", "content_type": 15, "codename": "add_userprofile"}}, {"model": "auth.permission", "pk": 58, "fields": {"name": "Can change user profile", "content_type": 15, "codename": "change_userprofile"}}, {"model": "auth.permission", "pk": 59, "fields": {"name": "Can delete user profile", "content_type": 15, "codename": "delete_userprofile"}}, {"model": "auth.permission", "pk": 60, "fields": {"name": "Can view user profile", "content_type": 15, "codename": "view_userprofile"}}, {"model": "contenttypes.contenttype", "pk": 1, "fields": {"app_label": "admin", "model": "logentry"}}, {"model": "contenttypes.contenttype", "pk": 2, "fields": {"app_label": "auth", "model": "permission"}}, {"model": "contenttypes.contenttype", "pk": 3, "fields": {"app_label": "auth", "model": "group"}}, {"model": "contenttypes.contenttype", "pk": 4, "fields": {"app_label": "contenttypes", "model": "contenttype"}}, {"model": "contenttypes.contenttype", "pk": 5, "fields": {"app_label": "sessions", "model": "session"}}, {"model": "contenttypes.contenttype", "pk": 6, "fields": {"app_label": "category", "model": "category"}}, {"model": "contenttypes.contenttype", "pk": 7, "fields": {"app_label": "accounts", "model": "account"}}, {"model": "contenttypes.contenttype", "pk": 8, "fields": {"app_label": "store", "model": "product"}}, {"model": "contenttypes.contenttype", "pk": 9, "fields": {"app_label": "carts", "model": "cart"}}, {"model": "contenttypes.contenttype", "pk": 10, "fields": {"app_label": "carts", "model": "cartitem"}}, {"model": "contenttypes.contenttype", "pk": 11, "fields": {"app_label": "store", "model": "variation"}}, {"model": "contenttypes.contenttype", "pk": 12, "fields": {"app_label": "orders", "model": "orderproduct"}}, {"model": "contenttypes.contenttype", "pk": 13, "fields": {"app_label": "orders", "model": "order"}}, {"model": "contenttypes.contenttype", "pk": 14, "fields": {"app_label": "orders", "model": "payment"}}, {"model": "contenttypes.contenttype", "pk": 15, "fields": {"app_label": "accounts", "model": "userprofile"}}, {"model": "sessions.session", "pk": "000zwt5wj4mwfo7qc3guuy0a9t2f3012", "fields": {"session_data": "e30:1pykMo:gdLihF-edYhEGBQJjm2AabtEAwfiA_oOTTxmbr2K1Rc", "expire_date": "2023-05-30T02:24:46.901Z"}}, {"model": "sessions.session", "pk": "0f2hansqzympqgwfn17yl8ocbczmptj4", "fields": {"session_data": "e30:1priaH:x9JTK6-VwcW4bjA2G8GOrWTdmRYzvX_4dN4cmVbHOEE", "expire_date": "2023-05-10T17:05:37.911Z"}}, {"model": "sessions.session", "pk": "18k0crrp6jl9a4hzhspv6rn1j5ex14ie", "fields": {"session_data": "e30:1pshPe:CEcDqAWNp9yhk8iemjjy1jWvFqjVhkd9GDDjhsMJnGc", "expire_date": "2023-05-13T10:02:42.018Z"}}, {"model": "sessions.session", "pk": "19zvjp7atb9be1u7nru9jag8ltsi0m7w", "fields": {"session_data": "e30:1pyaXj:YfQch4rR_6w9tq-6-zALXOVG_Db1wdpreriyXy5rm28", "expire_date": "2023-05-29T15:55:23.824Z"}}, {"model": "sessions.session", "pk": "26a9tiwiq4pdfj7slpys3f3y41g79djb", "fields": {"session_data": "e30:1pyZCE:2nLbkBA7JjorKaVK-ha4_MByi-CmJyQF9mdFCJbdgTs", "expire_date": "2023-05-29T14:29:06.812Z"}}, {"model": "sessions.session", "pk": "2nzsazx2os1ty6a7fwrabyitth7lzkrq", "fields": {"session_data": "e30:1pdk4n:Fzhwl1KifIFz6UVaHLJ6WiSCh14vv-VtNhoGLS2QbTk", "expire_date": "2023-04-02T03:51:21.346Z"}}, {"model": "sessions.session", "pk": "2ofnukuivk1jhm8gxhoc74v52b1hj44q", "fields": {"session_data": ".eJxVjDEOwjAMRe-SGUVxUJOYkZ0zRLZjSAGlUtNOiLtDpQ6w_vfef5lM61Lz2nXOYzEnA-bwuzHJQ9sGyp3abbIytWUe2W6K3Wm3l6no87y7fweVev3WnBxeVUhjIYqueB7IOVBfOBKnkBgFRRgBj8SAgUMMISAQuOQHNO8PEWE4MQ:1pj0dU:u9PSYZe1-84jRCFL227Thm6PRK1xQuh-Fh4q1BiKd6g", "expire_date": "2023-04-16T16:32:56.103Z"}}, {"model": "sessions.session", "pk": "34v9k3meh2qg28cdokhpwzc4fsll6jn8", "fields": {"session_data": "e30:1pyac9:u8uMBeBYlxwYZyVTmJSz03MSF1ijcCngFq5Np3qVtl8", "expire_date": "2023-05-29T15:59:57.018Z"}}, {"model": "sessions.session", "pk": "358nf2yy3qa7nt3xud7l1wrzru0hy75x", "fields": {"session_data": "e30:1prgqN:RdXm_TwrpF4rmYx3Y7gn_AWxGYWg_Rbx8cVZTh-nKnY", "expire_date": "2023-05-10T15:14:07.264Z"}}, {"model": "sessions.session", "pk": "3nef152uce249fux2pyzezlbofb1nofe", "fields": {"session_data": "e30:1ps1y0:q3waxOpcRQJkuITcBmPV3Vu3k8THZ85L0TCyWWKmcDQ", "expire_date": "2023-05-11T13:47:24.540Z"}}, {"model": "sessions.session", "pk": "3x1eo4olt4ec362d17iwulr0vv7fhu55", "fields": {"session_data": ".eJxVjEEOwiAQAP_C2RC6lAU9evcNBHa3UjUlKe3J-HdD0oNeZybzVjHtW4l7kzXOrC7KOnX6hTnRU5Zu-JGWe9VUl22ds-6JPmzTt8ryuh7t36CkVvoXMeAkNJ7BZfbOZxIarBEPEwzMiADGOCQ2AYKgHzNaCEm8MyZZVp8v-uo3dQ:1przls:dUlAgegrXrmy6az_xMBDDci0YmUZMo6DAS63rVRTPZ8", "expire_date": "2023-05-11T11:26:44.606Z"}}, {"model": "sessions.session", "pk": "4gq9jthcx5dyznxrvamtoqtx8jnk9tnu", "fields": {"session_data": "e30:1papG3:yxwK50LpZsA-MvwZjRhBf5plOcgUNnCKrY0L01C79FM", "expire_date": "2023-03-25T02:46:55.962Z"}}, {"model": "sessions.session", "pk": "5dm6envun9y848w989i7c4s314nb874r", "fields": {"session_data": "e30:1pwlP4:8-sMX9XGunELoTfbe_HFxVRA-66juqKP42cffrbVG60", "expire_date": "2023-05-24T15:06:54.538Z"}}, {"model": "sessions.session", "pk": "67hht97rrxriog1v1xyzzibguo448q34", "fields": {"session_data": "e30:1prgvX:bBMnf3IAluWXfmRPknqJ0cLU81uCgldce8IryOjUhYQ", "expire_date": "2023-05-10T15:19:27.945Z"}}, {"model": "sessions.session", "pk": "699i1oyje6bgypkodu7t25gtovctzf8p", "fields": {"session_data": "e30:1prhom:deDOGKOnp3qdjK3QaOZH41BfwFPV10y0ASMx1wrbpS4", "expire_date": "2023-05-10T16:16:32.101Z"}}, {"model": "sessions.session", "pk": "6pcet7swz8lo8pl0hispa1q1644t4y37", "fields": {"session_data": "e30:1prgzr:TQJFYZzXpOo9hvNnXkhUXmM9bJ0B2ymLoYj2Z7imEw0", "expire_date": "2023-05-10T15:23:55.849Z"}}, {"model": "sessions.session", "pk": "71unvvu1slcxslcc4n4jgn6vxkr5gvaq", "fields": {"session_data": "e30:1prgvj:WBKzF9nJ1cB2JK62FJSlqbWkXM7gdh7WyMh0gDTvahQ", "expire_date": "2023-05-10T15:19:39.610Z"}}, {"model": "sessions.session", "pk": "73w01gqxtrrl8yf9r6v3rexsrl40v088", "fields": {"session_data": "e30:1priY9:lierTyW9A-Ze1Ks2ij3bZUrRlO2_9FUUekKCzKn-eEI", "expire_date": "2023-05-10T17:03:25.228Z"}}, {"model": "sessions.session", "pk": "7mvffevfzoyps8t8ix2e9ter17chtgl0", "fields": {"session_data": "e30:1prh5B:tv1MN6HthZNwIViKYdhCEz0AjwNBsS7qLEL708OQDT4", "expire_date": "2023-05-10T15:29:25.710Z"}}, {"model": "sessions.session", "pk": "7ukrp5ebzxhmj9jxbvb5tisnecn3gig2", "fields": {"session_data": ".eJxVjDEOwjAMRe-SGUVxUJOYkZ0zRLZjSAGlUtNOiLtDpQ6w_vfef5lM61Lz2nXOYzEnA-bwuzHJQ9sGyp3abbIytWUe2W6K3Wm3l6no87y7fweVev3WnBxeVUhjIYqueB7IOVBfOBKnkBgFRRgBj8SAgUMMISAQuOQHNO8PEWE4MQ:1plkY8:GKAEdn1ifgyrqGe_IIh7uwhyxu5rYw42TQoioNZ3XNI", "expire_date": "2023-04-24T05:58:44.845Z"}}, {"model": "sessions.session", "pk": "8cphidygf6bte37wl09qcps2xvq11zpo", "fields": {"session_data": "e30:1prgVF:YChiFFzP73HHnXVNQzHV5_-nVhE8zluohJ3TvipC2_k", "expire_date": "2023-05-10T14:52:17.446Z"}}, {"model": "sessions.session", "pk": "8ui3fpvb6h4fp8g0ix0zbx3oa4ajddrl", "fields": {"session_data": "e30:1prgWK:3AIo2htR48iQdn8-usS4x2TVHm1f1VnRR0OPxxuWARU", "expire_date": "2023-05-10T14:53:24.063Z"}}, {"model": "sessions.session", "pk": "8zt7qecp17o1t1wqegiumc8iwgtbautd", "fields": {"session_data": ".eJxVjDEOwjAMRe-SGUVxUJOYkZ0zRLZjSAGlUtNOiLtDpQ6w_vfef5lM61Lz2nXOYzEnA-bwuzHJQ9sGyp3abbIytWUe2W6K3Wm3l6no87y7fweVev3WnBxeVUhjIYqueB7IOVBfOBKnkBgFRRgBj8SAgUMMISAQuOQHNO8PEWE4MQ:1pp8Mo:Li0LV6fVE5jN55BzZnVeo0Fc-6uEF2BUghqvDCnnGMA", "expire_date": "2023-05-03T14:01:02.240Z"}}, {"model": "sessions.session", "pk": "9pc3rki20s0hdprxmqkkfwklrwwownu2", "fields": {"session_data": ".eJxVjEsOwjAMBe-SNYqIE9cOS_Y9Q2UnKS2gVOpnhbg7VOoCtm9m3st0sq1Dty1l7sZsLsaZ0--mkh6l7iDfpd4mm6a6zqPaXbEHXWw75fK8Hu7fwSDL8K09c9DMiL3ks0cCagBihD5RDuSSZyjEQqAetZC6yIoBmj5EZE9i3h-_VDbV:1puBKO:sC5YpdCyBtlEfekAkYovMy350r9X4uU0pPN8rXVCr8Q", "expire_date": "2023-05-17T12:11:24.642Z"}}, {"model": "sessions.session", "pk": "9qtoap8b09cu2e1nluyhz5sj499obg3x", "fields": {"session_data": "e30:1pg2aQ:cJ5b3cysHTrDIIwgeP2lac9bht3SqJnJZ0J3JIgQCqM", "expire_date": "2023-04-08T12:01:30.430Z"}}, {"model": "sessions.session", "pk": "9r677mlo9gwhqynk1trhxkilt9b1w76z", "fields": {"session_data": "e30:1pwlPF:HbhndkDL8D8GgpBFL-iSMt_SGepiXQxof7C0OzWcOww", "expire_date": "2023-05-24T15:07:05.749Z"}}, {"model": "sessions.session", "pk": "b08eb6nb76o5qnob8f6317pyg1m21ygk", "fields": {"session_data": "e30:1prgVE:vFrYuz_-W9xojQKL_Ru0J_48jWNy4eOCtg2Jlue8Q0M", "expire_date": "2023-05-10T14:52:16.803Z"}}, {"model": "sessions.session", "pk": "b4seeptf3n4dp0xbtv2msg8t7u94w66t", "fields": {"session_data": "e30:1prgvh:IjI-xVbFxWCHlEvlEgMTrjx4yWdl01ewu4XzKsp-RBA", "expire_date": "2023-05-10T15:19:37.349Z"}}, {"model": "sessions.session", "pk": "chswt9aqvzdor34snwck1s5pl5njfyas", "fields": {"session_data": ".eJxVjEEOwiAQRe_C2hCgDgMu3fcMZBhAqoYmpV0Z765NutDtf-_9lwi0rTVsPS9hSuIijBOn3zESP3LbSbpTu82S57YuU5S7Ig_a5Tin_Lwe7t9BpV6_NbMHq7R1pHkwBovWXKLHBJFRQfF0ZkZmFakYRA05Zc_ZDqBUAQfi_QEULzhq:1prh2f:mgkvEPqLeMgll38xfKLgjI0P7IP5rje_pW01BWdmlFM", "expire_date": "2023-05-10T15:26:49.840Z"}}, {"model": "sessions.session", "pk": "cko8kkik663y2xrq6agfetf21rrng7j8", "fields": {"session_data": "e30:1pyW0N:yEL58icwDGBX42v1L8ZBeOXU-vHIEfs3icROGtAUU6w", "expire_date": "2023-05-29T11:04:39.771Z"}}, {"model": "sessions.session", "pk": "e3xnjfhfubnx0aso07rmmzsiwjl30dyv", "fields": {"session_data": ".eJxVjDEOwjAMRe-SGUVxUJOYkZ0zRLZjSAGlUtNOiLtDpQ6w_vfef5lM61Lz2nXOYzEnA-bwuzHJQ9sGyp3abbIytWUe2W6K3Wm3l6no87y7fweVev3WnBxeVUhjIYqueB7IOVBfOBKnkBgFRRgBj8SAgUMMISAQuOQHNO8PEWE4MQ:1pnu6r:CLOQVF0bAy0SRw42RMdS4UoQ2RpcFA1Zrhc4VNTNFns", "expire_date": "2023-04-30T04:35:29.744Z"}}, {"model": "sessions.session", "pk": "e44t3h9c0vbrzyvmcbl5x2rkvxtfetuv", "fields": {"session_data": ".eJxVjDsOwjAQBe_iGlnrbxJKes5g7XrXJIBiKU4qxN0hUgpo38y8l0q4rWPamixpYnVWzqvT70iYHzLvhO8436rOdV6XifSu6IM2fa0sz8vh_h2M2MZvPRD2MYvjDgN4i2JCZmEXKFvjC5beYGH2TMF2FD0EJgCINg8ChUC9PzQvOQQ:1ps0BZ:RPnmbKMRMfuWUlQhjlGQTPsIKbUVfrEXphTlAyKsEWA", "expire_date": "2023-05-11T11:53:17.358Z"}}, {"model": "sessions.session", "pk": "f44saqs177z533pj5ecqjq96is89yk3x", "fields": {"session_data": "e30:1ps1y7:dcu7bdYebOmEAqnjjLYwAI-M4A50AqCWS8fdBdRmKQk", "expire_date": "2023-05-11T13:47:31.059Z"}}, {"model": "sessions.session", "pk": "fbl6132ckj1wv7dql0ouwkbofkm1dyp9", "fields": {"session_data": "e30:1pzJrC:HF_BjDkv5FIsxMJ0z6ZPbi5jWkyVrXItkVHLonPdDT0", "expire_date": "2023-05-31T16:18:30.311Z"}}, {"model": "sessions.session", "pk": "g89vrjsaohe4ha5dv5e10mvihheokj13", "fields": {"session_data": ".eJxVjEsOwjAMBe-SNYqIE9cOS_Y9Q2UnKS2gVOpnhbg7VOoCtm9m3st0sq1Dty1l7sZsLsaZ0--mkh6l7iDfpd4mm6a6zqPaXbEHXWw75fK8Hu7fwSDL8K09c9DMiL3ks0cCagBihD5RDuSSZyjEQqAetZC6yIoBmj5EZE9i3h-_VDbV:1pyacf:lAeUPeMdZRPqAIh7YcESJG6hgD1od1reYRDoiayntww", "expire_date": "2023-05-29T16:00:29.524Z"}}, {"model": "sessions.session", "pk": "gaj6bx1nn3b8m4sgc2gq6ya0syskhfa2", "fields": {"session_data": "e30:1prgqg:KZOcliyUvtOd8LbWm16RCJHrDClNsbHoSvIhzWQkVyo", "expire_date": "2023-05-10T15:14:26.965Z"}}, {"model": "sessions.session", "pk": "gepe1xr27k6zdzfdvum734okib5pa5he", "fields": {"session_data": ".eJxVjDEOwjAMRe-SGUVxUJOYkZ0zRLZjSAGlUtNOiLtDpQ6w_vfef5lM61Lz2nXOYzEnA-bwuzHJQ9sGyp3abbIytWUe2W6K3Wm3l6no87y7fweVev3WnBxeVUhjIYqueB7IOVBfOBKnkBgFRRgBj8SAgUMMISAQuOQHNO8PEWE4MQ:1pYkGB:l9uia377T2uTa7w02VA7zZEoj5Vox8S1NZJJBBlgzt4", "expire_date": "2023-03-19T09:02:27.324Z"}}, {"model": "sessions.session", "pk": "ipj5aiuoryo4dfkrtgz5ewioimbuj7pm", "fields": {"session_data": "e30:1prqST:g50-XJ6Bq-nSOLAo6Nw_7XVo3BcgCbzqfrcwb9eC410", "expire_date": "2023-05-11T01:30:05.145Z"}}, {"model": "sessions.session", "pk": "ivea080i0q8xu1idhq6hqmw3asyc7tjg", "fields": {"session_data": "e30:1prjLw:mPobx2NUkEIU_ZZOR9JMA2wZDUS0BI8NngFWhH50XHg", "expire_date": "2023-05-10T17:54:52.964Z"}}, {"model": "sessions.session", "pk": "jbf9oxzhcbujf7fsh4hlh5bqv4wp0jbd", "fields": {"session_data": "e30:1pyaXs:rKiSmEKqXkZ22EbzP83FbYDBoZRnvwls6fOJtKA2GUQ", "expire_date": "2023-05-29T15:55:32.033Z"}}, {"model": "sessions.session", "pk": "jh747oh4mc4yvesuk8849359uq4yyw0n", "fields": {"session_data": "e30:1prm4b:DuautMuB4JJmNBOchPpANmV3mCI9NjWUP_9GYMWyvgY", "expire_date": "2023-05-10T20:49:09.714Z"}}, {"model": "sessions.session", "pk": "kfmjdhjxdwfjs3zxfrzg4uvfdalbs9z3", "fields": {"session_data": "e30:1prjMi:-NBCBx3eidWkoVMJD1lWCnuW1YwLxBo2PzZcGN4FSME", "expire_date": "2023-05-10T17:55:40.683Z"}}, {"model": "sessions.session", "pk": "kgqw54jaaefva696rl4xfxz2naw59jft", "fields": {"session_data": "e30:1pyYm3:gUPcE0hv8nX668Tg9wetVL5mtPZ3Hiny5a3IekXY6xA", "expire_date": "2023-05-29T14:02:03.964Z"}}, {"model": "sessions.session", "pk": "kq9ts25kdghttbz5e7u95qrt8guntjui", "fields": {"session_data": "e30:1priAf:sefuw7LKWmHwQeFOsNt2hG8MUxp7mpCLE5mu97_1iy0", "expire_date": "2023-05-10T16:39:09.743Z"}}, {"model": "sessions.session", "pk": "kwlntf4l48rs4txfn5vmzpy8edwrppoa", "fields": {"session_data": ".eJxVjEsOwjAMBe-SNYqIE9cOS_Y9Q2UnKS2gVOpnhbg7VOoCtm9m3st0sq1Dty1l7sZsLsaZ0--mkh6l7iDfpd4mm6a6zqPaXbEHXWw75fK8Hu7fwSDL8K09c9DMiL3ks0cCagBihD5RDuSSZyjEQqAetZC6yIoBmj5EZE9i3h-_VDbV:1priIN:MrtLfzNkADTUPAol5hG9xl1YNMS96Mu0MlRdHx4hDxE", "expire_date": "2023-05-10T16:47:07.572Z"}}, {"model": "sessions.session", "pk": "lib4ewuukggrxhog80xx836jjn2tod7j", "fields": {"session_data": "e30:1pyaXl:HIFtS08SrlhbU6e_1riaJFx4NKBG_gvNSWE2UfGO34M", "expire_date": "2023-05-29T15:55:25.790Z"}}, {"model": "sessions.session", "pk": "m4m0qj8yznolelpzla4nbwmzqxb6na08", "fields": {"session_data": "e30:1ps1xv:XXbMmGPOfRL3Mt5BCPRA9cwhzWyyKTcR3X2WkkarUfY", "expire_date": "2023-05-11T13:47:19.432Z"}}, {"model": "sessions.session", "pk": "mqiymt829s7bm9e2cfy3cwvfkd423rm1", "fields": {"session_data": "e30:1prt9z:dDImNCJ2cb9LeI9R1G_0HJNPf7WuMUnW3vvQPV4q1SM", "expire_date": "2023-05-11T04:23:11.453Z"}}, {"model": "sessions.session", "pk": "n27dyedphw33eae859z9rnwygohwv7ln", "fields": {"session_data": ".eJxVjEsOwjAMBe-SNYqIE9cOS_Y9Q2UnKS2gVOpnhbg7VOoCtm9m3st0sq1Dty1l7sZsLsaZ0--mkh6l7iDfpd4mm6a6zqPaXbEHXWw75fK8Hu7fwSDL8K09c9DMiL3ks0cCagBihD5RDuSSZyjEQqAetZC6yIoBmj5EZE9i3h-_VDbV:1pyYmP:-GzfHzTj5ShQMbJnFkZubmm8pRKTLuHZ3j-uXktxzfQ", "expire_date": "2023-05-29T14:02:25.159Z"}}, {"model": "sessions.session", "pk": "n4z7yksolgrqnbjre5fx36z6dopnkps1", "fields": {"session_data": "e30:1przlw:O8xb66KxHY-ZKNJVqSCDEsLiWO8zcZSP8T5EhZ_UKlY", "expire_date": "2023-05-11T11:26:48.450Z"}}, {"model": "sessions.session", "pk": "pm8o2ffflij93f4xwsfng1j0ntk33j55", "fields": {"session_data": "e30:1prqPG:zfS7Im2PWEuexIIU25KuvGKOMG27CVoL93MF6wZVPW4", "expire_date": "2023-05-11T01:26:46.080Z"}}, {"model": "sessions.session", "pk": "q3vibtxp57rqe67oacbbd7aiziqhtjnv", "fields": {"session_data": "e30:1prgvS:uWEXuLwMKbb8CvUDojOCkHtvJFhvfYxDjpqL7ZJuhG0", "expire_date": "2023-05-10T15:19:22.843Z"}}, {"model": "sessions.session", "pk": "q5b82fgjgpddy4y4wvb4y5f5u7lc6t0l", "fields": {"session_data": "e30:1prgi7:pdCqH6x2KaddJhdzIkgo6CP7MXMvzZ1CCfBHIYkQ9GM", "expire_date": "2023-05-10T15:05:35.933Z"}}, {"model": "sessions.session", "pk": "qsa561hatsqara9l35xw6610epozevfq", "fields": {"session_data": "e30:1pwlP5:jVYH30qcokv6Vj5IvVcw4jVy0VWH7Vquq2nuof5V_4o", "expire_date": "2023-05-24T15:06:55.677Z"}}, {"model": "sessions.session", "pk": "rxiziw2obt4ai3986715il8grew63foq", "fields": {"session_data": "e30:1prm4Z:3C0Cquc5sUxFwN1qalZR1MI-jQ6Qy9x-wvf7BGssefQ", "expire_date": "2023-05-10T20:49:07.691Z"}}, {"model": "sessions.session", "pk": "rzfk1rfpw92e4t0curgc4ldm3m7dwiax", "fields": {"session_data": ".eJxVjDEOwjAMRe-SGUVxUJOYkZ0zRLZjSAGlUtNOiLtDpQ6w_vfef5lM61Lz2nXOYzEnA-bwuzHJQ9sGyp3abbIytWUe2W6K3Wm3l6no87y7fweVev3WnBxeVUhjIYqueB7IOVBfOBKnkBgFRRgBj8SAgUMMISAQuOQHNO8PEWE4MQ:1pqDjA:GCi2I2TyQBMU1ceNdNWfTWiZCpagPLzIsz2RbWGHd7s", "expire_date": "2023-05-06T13:56:36.726Z"}}, {"model": "sessions.session", "pk": "s1i9za5k1bsk1jxcmynr7y83a9zs01ng", "fields": {"session_data": ".eJxVjDsOwjAQBe_iGlnrbxJKes5g7XrXJIBiKU4qxN0hUgpo38y8l0q4rWPamixpYnVWzqvT70iYHzLvhO8436rOdV6XifSu6IM2fa0sz8vh_h2M2MZvPRD2MYvjDgN4i2JCZmEXKFvjC5beYGH2TMF2FD0EJgCINg8ChUC9PzQvOQQ:1psnYl:0Yi6yZMIoGppngtYC2Nmm-OL9xpnVCV1Ildx_TN_ov8", "expire_date": "2023-05-13T16:36:31.380Z"}}, {"model": "sessions.session", "pk": "scpt9vm2qhxc23any5iarprhvknhdeea", "fields": {"session_data": ".eJxVjEsOwjAMBe-SNYqIE9cOS_Y9Q2UnKS2gVOpnhbg7VOoCtm9m3st0sq1Dty1l7sZsLsaZ0--mkh6l7iDfpd4mm6a6zqPaXbEHXWw75fK8Hu7fwSDL8K09c9DMiL3ks0cCagBihD5RDuSSZyjEQqAetZC6yIoBmj5EZE9i3h-_VDbV:1priYq:GdWyBVWP91q3-FSaxE615SFd1xl7N0KfHL5UPJg8zSg", "expire_date": "2023-05-10T17:04:08.319Z"}}, {"model": "sessions.session", "pk": "svxh51se9vod35fkhh85ngjzmcgnosmj", "fields": {"session_data": "e30:1przlX:FrpJf841QTo77npf2phPHLZtLgm73Ge2UjTT_q0SqEE", "expire_date": "2023-05-11T11:26:23.540Z"}}, {"model": "sessions.session", "pk": "t9pts4f63scoqoljli7bu2fif4peprvs", "fields": {"session_data": "e30:1pyW0L:YimMi82EsHDdSB_Zv8UKviQAYSxjTAfnQSpOZB079VI", "expire_date": "2023-05-29T11:04:37.287Z"}}, {"model": "sessions.session", "pk": "ua70k0zdzce353apzmx55m1k7c6gaz6c", "fields": {"session_data": "e30:1priY9:lierTyW9A-Ze1Ks2ij3bZUrRlO2_9FUUekKCzKn-eEI", "expire_date": "2023-05-10T17:03:25.188Z"}}, {"model": "sessions.session", "pk": "uwzadjhvwab00yg25j8hipl22xln9sca", "fields": {"session_data": "e30:1prdos:BjuuH8ZNX3ri3TxFZHm8SXrrPW8KAxBOMdKLLm3w3jg", "expire_date": "2023-05-10T12:00:22.402Z"}}, {"model": "sessions.session", "pk": "v02d3z6s2n0mmu90x7v9plhiea9vqb5m", "fields": {"session_data": "e30:1prfyx:zOPTDm8rb_x6TghprMMAeg1UnNNH81cwq3LzMtSTPKg", "expire_date": "2023-05-10T14:18:55.581Z"}}, {"model": "sessions.session", "pk": "v2lirmcvk20c6oigxbdgzx5vqb1ibkb7", "fields": {"session_data": "e30:1prgVM:HKYRiq18Ci8r16TIhpmv503eXGYNIQp9U-PjfIpJoSk", "expire_date": "2023-05-10T14:52:24.453Z"}}, {"model": "sessions.session", "pk": "vbbpdd9ha2rz5qcgaqileu157g9ixfq6", "fields": {"session_data": ".eJxVjDEOwjAMRe-SGUVxUJOYkZ0zRLZjSAGlUtNOiLtDpQ6w_vfef5lM61Lz2nXOYzEnA-bwuzHJQ9sGyp3abbIytWUe2W6K3Wm3l6no87y7fweVev3WnBxeVUhjIYqueB7IOVBfOBKnkBgFRRgBj8SAgUMMISAQuOQHNO8PEWE4MQ:1pqnco:0zhA0DElVKpyr1fCheBolkQpGj4tMWUQVfG6ca9BKPU", "expire_date": "2023-05-08T04:16:26.055Z"}}, {"model": "sessions.session", "pk": "wh4m4x3x3i19obt9nag5ss8jss2c6tij", "fields": {"session_data": "e30:1pricW:rKPPyDhUVPscGkWT9hzIMPhhgfiJkVs2Ap9kK8eS8KU", "expire_date": "2023-05-10T17:07:56.291Z"}}, {"model": "sessions.session", "pk": "wqnn4k6f68n8at599hauwsjc0dged7b1", "fields": {"session_data": ".eJxVjEsOwjAMBe-SNYqIE9cOS_Y9Q2UnKS2gVOpnhbg7VOoCtm9m3st0sq1Dty1l7sZsLsaZ0--mkh6l7iDfpd4mm6a6zqPaXbEHXWw75fK8Hu7fwSDL8K09c9DMiL3ks0cCagBihD5RDuSSZyjEQqAetZC6yIoBmj5EZE9i3h-_VDbV:1pshSJ:GtYf0CDU6AWl7so8eRqoIhJmsi56ocZJoufZsl5Fd8Q", "expire_date": "2023-05-13T10:05:27.600Z"}}, {"model": "sessions.session", "pk": "wynpgzb390rondngu47sxaqd692zx7x0", "fields": {"session_data": "e30:1prgVM:HKYRiq18Ci8r16TIhpmv503eXGYNIQp9U-PjfIpJoSk", "expire_date": "2023-05-10T14:52:24.292Z"}}, {"model": "sessions.session", "pk": "y5c06yjn1gkxw2uigq8vkiqn0yph5e26", "fields": {"session_data": "e30:1przje:-K9lg9npDDS-I4YsMq8T-o3MvhM3GgUZs_DMc1kyd9w", "expire_date": "2023-05-11T11:24:26.722Z"}}, {"model": "sessions.session", "pk": "y7uin2pqnpp21vlz1egx5odbfc0ad9qb", "fields": {"session_data": ".eJxVjEEOwiAQRe_C2pABSgGX7nsGMgyjVA0kpV0Z765NutDtf-_9l4i4rSVunZc4Z3EWRovT75iQHlx3ku9Yb01Sq-syJ7kr8qBdTi3z83K4fwcFe_nWBDgYb40hrclZAMOOfWAPAcilTIMbQ7DJI1wZcVBaaxe8Go0ipZIS7w_okDcJ:1prygS:o--UqsnAAJGCkc2uv_iyx1aHvbGlIfGxIgAb8XszS_w", "expire_date": "2023-05-11T10:17:04.905Z"}}, {"model": "category.category", "pk": 1, "fields": {"category_name": "Jeans", "slug": "jeans", "description": "This is jeans", "cat_image": "photos/categories/jeans_yFPfHd2.jpg"}}, {"model": "category.category", "pk": 2, "fields": {"category_name": "T-Shirts", "slug": "t-shirts", "description": "This is t-shirts", "cat_image": "photos/categories/tshirts_wclYnLJ.jpg"}}, {"model": "category.category", "pk": 3, "fields": {"category_name": "Jacket", "slug": "jacket", "description": "This is jacket", "cat_image": "photos/categories/jackets_at103e3.jpg"}}, {"model": "category.category", "pk": 4, "fields": {"category_name": "Shirts", "slug": "shirts", "description": "This is shirts", "cat_image": "photos/categories/shirts_TmpIojS.jpg"}}, {"model": "category.category", "pk": 5, "fields": {"category_name": "Shoes", "slug": "shoes", "description": "This is shoes", "cat_image": "photos/categories/shoes_TtwjYnk.png"}}, {"model": "accounts.account", "pk": 1, "fields": {"password": "pbkdf2_sha256$390000$SbgRE5Jd3hOwGBuZ5slkDD$iBrCe2HHGWlgGRFPMSLabATYzXsMMfQteIOo4RO9tdg=", "first_name": "Sudarshan", "last_name": "Uprety", "username": "DjangoAdmin", "email": "mr.sudarshanuprety@gmail.com", "phone_number": "", "date_joined": "2023-03-05T09:02:10.131Z", "last_login": "2023-05-15T16:00:29.515Z", "is_admin": true, "is_staff": true, "is_active": true, "is_superadmin": true}}, {"model": "accounts.account", "pk": 4, "fields": {"password": "pbkdf2_sha256$390000$mlwkabCtKOtreTEOqPXyVz$mykfQaMT/9qOZNb7OTmnt6ZIj65EbrcoItpLaXje/Vs=", "first_name": "536y54", "last_name": "uprety", "username": "sdgbd.sudarshanuprety", "email": "sdgbd.sudarshanuprety@gmail.com", "phone_number": "9845928699", "date_joined": "2023-03-18T08:12:53.110Z", "last_login": "2023-03-18T08:12:53.110Z", "is_admin": false, "is_staff": false, "is_active": false, "is_superadmin": false}}, {"model": "accounts.account", "pk": 5, "fields": {"password": "pbkdf2_sha256$390000$oelOKwJWP6WTQ5Q1ez4hI4$MFvnWq305ftl2AUhBZaMXPvA4ulB1e+/CR2bYjeg4zk=", "first_name": "536y54", "last_name": "uprety", "username": "fgh.sudarshanuprety", "email": "fgh.sudarshanuprety@gmail.com", "phone_number": "9845928699", "date_joined": "2023-03-18T08:21:38.532Z", "last_login": "2023-03-18T08:21:38.532Z", "is_admin": false, "is_staff": false, "is_active": false, "is_superadmin": false}}, {"model": "accounts.account", "pk": 6, "fields": {"password": "pbkdf2_sha256$390000$T1P0k9NdOJ3KhPuHrUOiy8$J4unxi6b27qDiRXvSVgRxi8lfK5bUAFd/J/AKp8l+YM=", "first_name": "sudarshan", "last_name": "rhetry", "username": "eiuk", "email": "eiuk@gmail.com", "phone_number": "32478923075", "date_joined": "2023-03-18T08:26:10.069Z", "last_login": "2023-03-18T08:26:10.069Z", "is_admin": false, "is_staff": false, "is_active": false, "is_superadmin": false}}, {"model": "accounts.account", "pk": 7, "fields": {"password": "pbkdf2_sha256$390000$Vgej6QGI5HIwbbW9icUF0A$jZeQDEWlVX+hydcPogipM6z5LCgf4W9ULuC8mbbAFQ0=", "first_name": "sudarshan", "last_name": "uprety", "username": "ethtrg.sudarshanuprety", "email": "ethtrg.sudarshanuprety@gmail.com", "phone_number": "1234567890", "date_joined": "2023-03-18T08:28:09.952Z", "last_login": "2023-03-18T08:28:09.952Z", "is_admin": false, "is_staff": false, "is_active": false, "is_superadmin": false}}, {"model": "accounts.account", "pk": 8, "fields": {"password": "pbkdf2_sha256$390000$krh1kXcD9agjkX13T00Y4C$iEzabc206Ex2+kpWxBdmmgSRuikRqFuFc3lmMSKLyPA=", "first_name": "sudarshan", "last_name": "egrht", "username": "ashj", "email": "ashj@gmail.com", "phone_number": "36457685", "date_joined": "2023-03-18T08:43:38.192Z", "last_login": "2023-03-18T08:43:38.192Z", "is_admin": false, "is_staff": false, "is_active": false, "is_superadmin": false}}, {"model": "accounts.account", "pk": 26, "fields": {"password": "pbkdf2_sha256$390000$X812zs4BCGrXalr3N6TRxr$RtAi5QR2vrZky79Kvga+RPnYq0VpEX4b1OYEMxkjT0Y=", "first_name": "rajan", "last_name": "idk", "username": "raaznn0001", "email": "raaznn0001@gmail.com", "phone_number": "9845928699", "date_joined": "2023-04-24T04:16:09.383Z", "last_login": "2023-04-24T04:16:09.384Z", "is_admin": false, "is_staff": false, "is_active": true, "is_superadmin": false}}, {"model": "accounts.account", "pk": 27, "fields": {"password": "pbkdf2_sha256$390000$U4yp710P1nvkWZnniFPHMX$Y3uiUhulJL0U0y4sNCpdGbjaNjguuxYvLQ+0jste+dA=", "first_name": "Sudarshan", "last_name": "Uprety", "username": "sec.sudarshanuprety", "email": "sec.sudarshanuprety@gmail.com", "phone_number": "9845928699", "date_joined": "2023-04-26T09:00:15.690Z", "last_login": "2023-04-26T09:00:41.185Z", "is_admin": false, "is_staff": false, "is_active": true, "is_superadmin": false}}, {"model": "accounts.account", "pk": 28, "fields": {"password": "pbkdf2_sha256$390000$vWcNoOwH2FgcpTL9wVhJza$PdYsmj9IKsgC5UsTmsN1sD3ediyWEP7FiOzbJcyWxfM=", "first_name": "Roji", "last_name": "Kharel", "username": "miss.rojikharel", "email": "miss.rojikharel@gmail.com", "phone_number": "+9779861469672", "date_joined": "2023-04-26T15:21:03.314Z", "last_login": "2023-04-26T15:26:49.837Z", "is_admin": false, "is_staff": false, "is_active": true, "is_superadmin": false}}, {"model": "accounts.account", "pk": 31, "fields": {"password": "pbkdf2_sha256$390000$zDl0lnQJXg0ZVm7LFknSzu$63cztCFOfVFv1Tgx3ioyTPXTpKFYMRhq/ubMxKWQ+oo=", "first_name": "Bhagawan", "last_name": "Uprety", "username": "bhagawanprasaduprety", "email": "bhagawanprasaduprety@gmail.com", "phone_number": "9845522652", "date_joined": "2023-04-26T15:23:19.275Z", "last_login": "2023-04-26T15:23:46.697Z", "is_admin": false, "is_staff": false, "is_active": true, "is_superadmin": false}}, {"model": "accounts.account", "pk": 32, "fields": {"password": "pbkdf2_sha256$390000$ADrkzWuWCa2Fu1BY8WsB3d$bZfaB6sF5Mpb6pUKCshZ+DS4mP/4te/v/+yLm1DMP0w=", "first_name": "Aditya", "last_name": "Adhikari", "username": "adityakshetry12", "email": "adityakshetry12@gmail.com", "phone_number": "9845350353", "date_joined": "2023-04-27T10:08:51.290Z", "last_login": "2023-04-27T10:17:04.901Z", "is_admin": true, "is_staff": true, "is_active": true, "is_superadmin": true}}, {"model": "accounts.account", "pk": 34, "fields": {"password": "pbkdf2_sha256$390000$RCMSYXvcAjrMeDpKTcC95q$wNazJKiYP3R8rho+dZzDLyuo5XwZCi1X6zBKfHdou6U=", "first_name": "roshan", "last_name": "karki", "username": "roshankarki1276", "email": "roshankarki1276@gmail.com", "phone_number": "9874587458", "date_joined": "2023-04-27T11:20:16.269Z", "last_login": "2023-04-29T16:36:31.377Z", "is_admin": true, "is_staff": true, "is_active": true, "is_superadmin": true}}, {"model": "accounts.account", "pk": 35, "fields": {"password": "pbkdf2_sha256$390000$ZgEOz9TddeQamGP9iet9Y5$ZswKV/oahXE1H4IftZapfJ1MKtlmiSTwF0jKL6e+WlA=", "first_name": "Doris", "last_name": "Solomon", "username": "testuser", "email": "testuser@getnada.com", "phone_number": "+1 (102) 549-1875", "date_joined": "2023-04-27T11:25:48.010Z", "last_login": "2023-04-27T11:26:44.603Z", "is_admin": false, "is_staff": false, "is_active": true, "is_superadmin": false}}, {"model": "accounts.account", "pk": 36, "fields": {"password": "pbkdf2_sha256$390000$WrUUMZgqdwWmiBrJivJ19r$zki6Ml8N4par6YLCOTqiJ7pbIfehEsEeysHfNUANTnw=", "first_name": "Sudarshan", "last_name": "Uprety", "username": "dummy", "email": "dummy@gmail.com", "phone_number": "9845928699", "date_joined": "2023-04-28T11:13:33.386Z", "last_login": "2023-04-28T11:13:33.386Z", "is_admin": false, "is_staff": false, "is_active": false, "is_superadmin": false}}, {"model": "accounts.account", "pk": 37, "fields": {"password": "pbkdf2_sha256$390000$9U0MuKxqbJdhzWIc2BM8z1$Z7KOY3GdTh+pq3X44xHygm79YO5Q062DlXqD3+sQRc4=", "first_name": "Rishav", "last_name": "pyakural", "username": "pyakurel.risav", "email": "pyakurel.risav@gmail.com", "phone_number": "9845928699", "date_joined": "2023-04-29T10:02:09.538Z", "last_login": "2023-04-29T10:03:01.800Z", "is_admin": false, "is_staff": false, "is_active": true, "is_superadmin": false}}, {"model": "accounts.account", "pk": 38, "fields": {"password": "pbkdf2_sha256$390000$UMXHNfmCalKILyTImRHU00$45G0bupJLIwgg0T/N2I3riN2m/MW/k3EDN1MkgUJ0oI=", "first_name": "fuck", "last_name": "fakafak", "username": "tnytshi136", "email": "tnytshi136@tempmailn.com", "phone_number": "9882723723", "date_joined": "2023-04-29T16:31:54.304Z", "last_login": "2023-04-29T16:31:54.304Z", "is_admin": false, "is_staff": false, "is_active": true, "is_superadmin": false}}, {"model": "store.product", "pk": 1, "fields": {"product_name": "ATX jeans", "slug": "atx-jeans", "description": "jeans", "price": 199, "images": "photos/products/ATX-Jeans.jpg", "stock": 55, "is_available": true, "category": 1, "created_date": "2023-03-05T09:09:54.365Z", "modified_date": "2023-04-26T15:30:33.371Z"}}, {"model": "store.product", "pk": 2, "fields": {"product_name": "Wrangler Shirt", "slug": "wrangler-shirt", "description": "stry's standard dummy text ever since the 1500s, when an unknown printer took a galley of type and scrambled it to make a type specimen book. It has survived not only five centuries, but also the leap into electronic typesetting", "price": 200, "images": "photos/products/Wrangler-Shirt.jpg", "stock": 49, "is_available": true, "category": 4, "created_date": "2023-03-05T09:10:33.668Z", "modified_date": "2023-04-27T14:21:28.501Z"}}, {"model": "store.product", "pk": 3, "fields": {"product_name": "US Polo Assn Jacket", "slug": "us-polo-assn-jacket", "description": "stry's standard dummy text ever since the 1500s, when an unknown printer took a galley of type and scrambled it to make a type specimen book. It has survived not only five centuries, but also the leap into electronic typesetting", "price": 400, "images": "photos/products/US-Polo-Assn_Jacket.jpg", "stock": 29, "is_available": true, "category": 3, "created_date": "2023-03-05T09:11:00.083Z", "modified_date": "2023-04-26T17:04:45.166Z"}}, {"model": "store.product", "pk": 4, "fields": {"product_name": "Puma Ferrari Shoes", "slug": "puma-ferrari-shoes", "description": "stry's standard dummy text ever since the 1500s, when an unknown printer took a galley of type and scrambled it to make a type specimen book. It has survived not only five centuries, but also the leap into electronic typesetting", "price": 150, "images": "photos/products/Puma-Ferrari-Shoes.jpg", "stock": 9, "is_available": true, "category": 5, "created_date": "2023-03-05T09:11:29.227Z", "modified_date": "2023-04-27T11:28:11.791Z"}}, {"model": "store.product", "pk": 5, "fields": {"product_name": "Mavi Jeans", "slug": "mavi-jeans", "description": "stry's standard dummy text ever since the 1500s, when an unknown printer took a galley of type and scrambled it to make a type specimen book. It has survived not only five centuries, but also the leap into electronic typesetting", "price": 499, "images": "photos/products/Mavi_jeans.jpg", "stock": 44, "is_available": true, "category": 1, "created_date": "2023-03-05T09:12:01.170Z", "modified_date": "2023-04-26T17:01:26.903Z"}}, {"model": "store.product", "pk": 6, "fields": {"product_name": "Jorden Basketball Shoes", "slug": "jorden-basketball-shoes", "description": "standard dummy text ever since the 1500s, when an unknown printer took a galley of type and scrambled it to make a type specimen book. It has survived not only five centuries, but also the leap into electronic typesetting", "price": 599, "images": "photos/products/jordan-true-flight-basketball-shoes.jpg", "stock": 8, "is_available": true, "category": 5, "created_date": "2023-03-05T09:12:47.205Z", "modified_date": "2023-03-05T09:12:47.205Z"}}, {"model": "store.product", "pk": 7, "fields": {"product_name": "Great Tshirt", "slug": "great-tshirt", "description": "standard dummy text ever since the 1500s, when an unknown printer took a galley of type and scrambled it to make a type specimen book. It has survived not only five centuries, but also the leap into electronic typesetting", "price": 2000, "images": "photos/products/Great-Tshirt.jpg", "stock": 0, "is_available": true, "category": 2, "created_date": "2023-03-05T09:13:27.181Z", "modified_date": "2023-03-11T03:04:00.750Z"}}, {"model": "store.product", "pk": 8, "fields": {"product_name": "RXN Blue Shirt", "slug": "rxn-blue-shirt", "description": "standard dummy text ever since the 1500s, when an unknown printer took a galley of type and scrambled it to make a type specimen book. It has survived not only five centuries, but also the leap into electronic typesetting", "price": 100, "images": "photos/products/Blue-Shirt.jpg", "stock": 14, "is_available": true, "category": 4, "created_date": "2023-03-05T09:14:10.526Z", "modified_date": "2023-05-04T06:24:11.473Z"}}, {"model": "store.variation", "pk": 1, "fields": {"product": 1, "variation_category": "color", "variation_value": "Red", "is_active": true, "created_date": "2023-03-14T15:41:53.009Z"}}, {"model": "store.variation", "pk": 2, "fields": {"product": 1, "variation_category": "color", "variation_value": "Green", "is_active": true, "created_date": "2023-03-14T15:42:11.743Z"}}, {"model": "store.variation", "pk": 3, "fields": {"product": 1, "variation_category": "color", "variation_value": "Blue", "is_active": true, "created_date": "2023-03-14T15:42:25.404Z"}}, {"model": "store.variation", "pk": 4, "fields": {"product": 1, "variation_category": "color", "variation_value": "White", "is_active": true, "created_date": "2023-03-14T15:42:35.073Z"}}, {"model": "store.variation", "pk": 5, "fields": {"product": 1, "variation_category": "size", "variation_value": "small", "is_active": true, "created_date": "2023-03-15T01:26:31.037Z"}}, {"model": "store.variation", "pk": 6, "fields": {"product": 1, "variation_category": "size", "variation_value": "medium", "is_active": true, "created_date": "2023-04-26T09:04:41.921Z"}}, {"model": "store.variation", "pk": 7, "fields": {"product": 8, "variation_category": "size", "variation_value": "Large", "is_active": true, "created_date": "2023-04-26T09:05:06.733Z"}}, {"model": "store.variation", "pk": 8, "fields": {"product": 8, "variation_category": "color", "variation_value": "white", "is_active": true, "created_date": "2023-04-26T09:38:23.738Z"}}, {"model": "store.variation", "pk": 9, "fields": {"product": 8, "variation_category": "color", "variation_value": "red", "is_active": true, "created_date": "2023-04-26T15:33:07.737Z"}}, {"model": "store.variation", "pk": 10, "fields": {"product": 8, "variation_category": "color", "variation_value": "green", "is_active": true, "created_date": "2023-04-26T15:33:21.045Z"}}, {"model": "store.variation", "pk": 11, "fields": {"product": 8, "variation_category": "size", "variation_value": "small", "is_active": true, "created_date": "2023-04-26T15:33:39.354Z"}}, {"model": "store.variation", "pk": 12, "fields": {"product": 8, "variation_category": "size", "variation_value": "medium", "is_active": true, "created_date": "2023-04-26T15:35:37.648Z"}}, {"model": "store.variation", "pk": 13, "fields": {"product": 7, "variation_category": "color", "variation_value": "red", "is_active": true, "created_date": "2023-04-26T15:36:54.432Z"}}, {"model": "store.variation", "pk": 14, "fields": {"product": 7, "variation_category": "color", "variation_value": "blue", "is_active": true, "created_date": "2023-04-26T15:37:04.425Z"}}, {"model": "store.variation", "pk": 15, "fields": {"product": 7, "variation_category": "color", "variation_value": "white", "is_active": true, "created_date": "2023-04-26T15:37:15.705Z"}}, {"model": "store.variation", "pk": 16, "fields": {"product": 7, "variation_category": "size", "variation_value": "large", "is_active": true, "created_date": "2023-04-26T15:37:30.236Z"}}, {"model": "store.variation", "pk": 17, "fields": {"product": 7, "variation_category": "size", "variation_value": "medium", "is_active": true, "created_date": "2023-04-26T15:37:41.810Z"}}, {"model": "store.variation", "pk": 18, "fields": {"product": 7, "variation_category": "size", "variation_value": "small", "is_active": true, "created_date": "2023-04-26T15:37:53.858Z"}}, {"model": "store.variation", "pk": 19, "fields": {"product": 6, "variation_category": "size", "variation_value": "medium", "is_active": true, "created_date": "2023-04-26T16:55:13.715Z"}}, {"model": "store.variation", "pk": 20, "fields": {"product": 6, "variation_category": "size", "variation_value": "large", "is_active": true, "created_date": "2023-04-26T16:55:24.242Z"}}, {"model": "store.variation", "pk": 21, "fields": {"product": 6, "variation_category": "color", "variation_value": "white", "is_active": true, "created_date": "2023-04-26T16:55:34.944Z"}}, {"model": "store.variation", "pk": 22, "fields": {"product": 6, "variation_category": "color", "variation_value": "red-white", "is_active": true, "created_date": "2023-04-26T16:55:49.741Z"}}, {"model": "store.variation", "pk": 23, "fields": {"product": 5, "variation_category": "size", "variation_value": "large", "is_active": true, "created_date": "2023-04-26T16:56:15.559Z"}}, {"model": "store.variation", "pk": 24, "fields": {"product": 5, "variation_category": "size", "variation_value": "small", "is_active": true, "created_date": "2023-04-26T16:56:27.193Z"}}, {"model": "store.variation", "pk": 25, "fields": {"product": 5, "variation_category": "size", "variation_value": "medium", "is_active": true, "created_date": "2023-04-26T16:56:38.668Z"}}, {"model": "store.variation", "pk": 26, "fields": {"product": 4, "variation_category": "size", "variation_value": "small", "is_active": true, "created_date": "2023-04-26T16:56:53.269Z"}}, {"model": "store.variation", "pk": 27, "fields": {"product": 4, "variation_category": "size", "variation_value": "medium", "is_active": true, "created_date": "2023-04-26T16:57:04.731Z"}}, {"model": "store.variation", "pk": 28, "fields": {"product": 4, "variation_category": "size", "variation_value": "lerge", "is_active": true, "created_date": "2023-04-26T16:57:15.551Z"}}, {"model": "store.variation", "pk": 29, "fields": {"product": 4, "variation_category": "color", "variation_value": "black", "is_active": true, "created_date": "2023-04-26T16:57:27.895Z"}}, {"model": "store.variation", "pk": 30, "fields": {"product": 4, "variation_category": "color", "variation_value": "brown", "is_active": true, "created_date": "2023-04-26T16:57:39.890Z"}}, {"model": "store.variation", "pk": 31, "fields": {"product": 3, "variation_category": "size", "variation_value": "large", "is_active": true, "created_date": "2023-04-26T16:57:52.639Z"}}, {"model": "store.variation", "pk": 32, "fields": {"product": 3, "variation_category": "size", "variation_value": "medium", "is_active": true, "created_date": "2023-04-26T16:58:03.046Z"}}, {"model": "store.variation", "pk": 33, "fields": {"product": 3, "variation_category": "size", "variation_value": "small", "is_active": true, "created_date": "2023-04-26T16:58:22.163Z"}}, {"model": "store.variation", "pk": 34, "fields": {"product": 3, "variation_category": "color", "variation_value": "orange(default)", "is_active": true, "created_date": "2023-04-26T16:58:44.416Z"}}, {"model": "store.variation", "pk": 35, "fields": {"product": 2, "variation_category": "color", "variation_value": "blue", "is_active": true, "created_date": "2023-04-26T16:59:06.879Z"}}, {"model": "store.variation", "pk": 36, "fields": {"product": 2, "variation_category": "color", "variation_value": "white-blue", "is_active": true, "created_date": "2023-04-26T16:59:18.935Z"}}, {"model": "store.variation", "pk": 37, "fields": {"product": 2, "variation_category": "size", "variation_value": "small", "is_active": true, "created_date": "2023-04-26T16:59:29.822Z"}}, {"model": "store.variation", "pk": 38, "fields": {"product": 2, "variation_category": "size", "variation_value": "medium", "is_active": true, "created_date": "2023-04-26T16:59:41.322Z"}}, {"model": "store.variation", "pk": 39, "fields": {"product": 2, "variation_category": "size", "variation_value": "large", "is_active": true, "created_date": "2023-04-26T16:59:51.730Z"}}, {"model": "store.variation", "pk": 40, "fields": {"product": 5, "variation_category": "color", "variation_value": "blue", "is_active": true, "created_date": "2023-04-26T17:00:34.008Z"}}, {"model": "store.variation", "pk": 41, "fields": {"product": 4, "variation_category": "color", "variation_value": "yellow", "is_active": true, "created_date": "2023-05-03T12:12:22.497Z"}}, {"model": "carts.cart", "pk": 22, "fields": {"cart_id": "dfdlqbgozush1r71ntyerozlsj084qfc", "date_added": "2023-04-10"}}, {"model": "carts.cart", "pk": 23, "fields": {"cart_id": "s6xe7capvvn4s99q3w8hbhog27wqwntx", "date_added": "2023-04-10"}}, {"model": "carts.cart", "pk": 24, "fields": {"cart_id": "jgqecmdg2y22mza5xyvtmfpx6g4m605y", "date_added": "2023-04-10"}}, {"model": "carts.cart", "pk": 25, "fields": {"cart_id": "yre8ia8r1uqd32r75d5h17n2xv0r3z8f", "date_added": "2023-04-10"}}, {"model": "carts.cart", "pk": 26, "fields": {"cart_id": "fru3s9dovx7gn8t08q9a9v1ye26gdp5r", "date_added": "2023-04-26"}}, {"model": "carts.cart", "pk": 27, "fields": {"cart_id": "b4seeptf3n4dp0xbtv2msg8t7u94w66t", "date_added": "2023-04-26"}}, {"model": "carts.cart", "pk": 28, "fields": {"cart_id": "ee07z3lbib4650ti41reeykpjhrp0716", "date_added": "2023-04-26"}}, {"model": "carts.cart", "pk": 29, "fields": {"cart_id": "zz63udposlkjpqumnplgkk95f3pscn1e", "date_added": "2023-04-27"}}, {"model": "carts.cart", "pk": 30, "fields": {"cart_id": "n0amz3k0wt8r9oc2p8u48whrjktqqild", "date_added": "2023-04-27"}}, {"model": "carts.cart", "pk": 31, "fields": {"cart_id": "zmv13guu4mwww546b3mg1sqcp4ww74ko", "date_added": "2023-04-27"}}, {"model": "carts.cart", "pk": 32, "fields": {"cart_id": "4gx6hyfmveq3r2el12gocpbg5s2mj6vo", "date_added": "2023-04-27"}}, {"model": "carts.cart", "pk": 33, "fields": {"cart_id": "70wf7hyw0uf7eo354wb2j8l8v0ugxwbc", "date_added": "2023-04-29"}}, {"model": "carts.cart", "pk": 34, "fields": {"cart_id": "ek9sg73agprj0ie0l9w63juvpbc84e9n", "date_added": "2023-04-29"}}, {"model": "carts.cart", "pk": 35, "fields": {"cart_id": "c75stla9j4vqthj16zdwmeblrelq8ygz", "date_added": "2023-05-03"}}, {"model": "carts.cartitem", "pk": 1, "fields": {"user": null, "product": 1, "cart": 27, "quantity": 1, "is_active": true, "variations": [3, 5]}}, {"model": "carts.cartitem", "pk": 8, "fields": {"user": 32, "product": 1, "cart": 29, "quantity": 1, "is_active": true, "variations": [2, 5]}}, {"model": "carts.cartitem", "pk": 9, "fields": {"user": 32, "product": 1, "cart": null, "quantity": 1, "is_active": true, "variations": [1, 5]}}, {"model": "carts.cartitem", "pk": 10, "fields": {"user": 32, "product": 1, "cart": null, "quantity": 1, "is_active": true, "variations": [3, 5]}}, {"model": "carts.cartitem", "pk": 25, "fields": {"user": 37, "product": 8, "cart": null, "quantity": 1, "is_active": true, "variations": [8, 7]}}, {"model": "carts.cartitem", "pk": 26, "fields": {"user": 37, "product": 1, "cart": null, "quantity": 1, "is_active": true, "variations": [2, 6]}}, {"model": "carts.cartitem", "pk": 28, "fields": {"user": null, "product": 1, "cart": 34, "quantity": 1, "is_active": true, "variations": [1, 5]}}, {"model": "orders.payment", "pk": 10, "fields": {"user": 1, "payment_id": "rv4unPzf5cGKXgN5RsnHLk", "payment_method": "With Khalti", "amount_paid": "199.0", "status": "completed", "created_at": "2023-04-25T12:00:02.568Z"}}, {"model": "orders.payment", "pk": 11, "fields": {"user": 1, "payment_id": "MLTB6MDTRv9VbYmhcJf3WZ", "payment_method": "With Khalti", "amount_paid": "199.0", "status": "completed", "created_at": "2023-04-25T12:03:16.518Z"}}, {"model": "orders.payment", "pk": 12, "fields": {"user": 1, "payment_id": "J7aXJ8X4prqgBRYaUZFheT", "payment_method": "With Khalti", "amount_paid": "199.0", "status": "completed", "created_at": "2023-04-25T12:10:33.771Z"}}, {"model": "orders.payment", "pk": 13, "fields": {"user": 1, "payment_id": "HPFNskreeTFp8xesSRxSSo", "payment_method": "With Khalti", "amount_paid": "199.0", "status": "completed", "created_at": "2023-04-26T02:52:17.729Z"}}, {"model": "orders.payment", "pk": 14, "fields": {"user": 1, "payment_id": "S68N4ybEQn8mFbAH8mh7LN", "payment_method": "With Khalti", "amount_paid": "199.0", "status": "completed", "created_at": "2023-04-26T03:00:29.268Z"}}, {"model": "orders.payment", "pk": 15, "fields": {"user": 1, "payment_id": "MXL76mVjUEBUbKGZnUqKR9", "payment_method": "With Khalti", "amount_paid": "199.0", "status": "completed", "created_at": "2023-04-26T03:08:33.366Z"}}, {"model": "orders.payment", "pk": 16, "fields": {"user": 1, "payment_id": "SNx4aYer7xKQgcYKPvnuxa", "payment_method": "With Khalti", "amount_paid": "796.0", "status": "completed", "created_at": "2023-04-26T03:14:20.870Z"}}, {"model": "orders.payment", "pk": 17, "fields": {"user": 1, "payment_id": "dUqWE8b6TZNuZCzvXYfgoT", "payment_method": "With Khalti", "amount_paid": "796.0", "status": "completed", "created_at": "2023-04-26T03:16:33.663Z"}}, {"model": "orders.payment", "pk": 18, "fields": {"user": 1, "payment_id": "QWBxMk7iqa9iZPVsEYnXe7", "payment_method": "With Khalti", "amount_paid": "199.0", "status": "completed", "created_at": "2023-04-26T03:24:34.828Z"}}, {"model": "orders.payment", "pk": 19, "fields": {"user": 1, "payment_id": "DzGqmmKMtgPtQStJCi88ER", "payment_method": "With Khalti", "amount_paid": "199.0", "status": "completed", "created_at": "2023-04-26T03:27:21.029Z"}}, {"model": "orders.payment", "pk": 20, "fields": {"user": 1, "payment_id": "UJUqZGWSdYtNZPDR4PqvAC", "payment_method": "With Khalti", "amount_paid": "199.0", "status": "completed", "created_at": "2023-04-26T04:20:00.441Z"}}, {"model": "orders.payment", "pk": 21, "fields": {"user": 1, "payment_id": "dmCHMrWhfACXwMZ7SSMXh9", "payment_method": "With Khalti", "amount_paid": "199.0", "status": "completed", "created_at": "2023-04-26T04:28:41.956Z"}}, {"model": "orders.payment", "pk": 22, "fields": {"user": 1, "payment_id": "4igmsL8iqofBSpdyVvXqRc", "payment_method": "With Khalti", "amount_paid": "199.0", "status": "completed", "created_at": "2023-04-26T04:32:14.983Z"}}, {"model": "orders.payment", "pk": 23, "fields": {"user": 1, "payment_id": "7QhXv8RapqnzhkmM4PjVbV", "payment_method": "With Khalti", "amount_paid": "199.0", "status": "completed", "created_at": "2023-04-26T04:59:04.474Z"}}, {"model": "orders.payment", "pk": 24, "fields": {"user": 1, "payment_id": "ap4vzzYkASWL3iJCkyYs56", "payment_method": "With Khalti", "amount_paid": "199.0", "status": "completed", "created_at": "2023-04-26T05:02:58.560Z"}}, {"model": "orders.payment", "pk": 25, "fields": {"user": 1, "payment_id": "rQQkDnczFVqA8q7WyYnNyj", "payment_method": "With Khalti", "amount_paid": "199.0", "status": "completed", "created_at": "2023-04-26T05:04:55.601Z"}}, {"model": "orders.payment", "pk": 26, "fields": {"user": 1, "payment_id": "P9GBYSYAdejPaYDkiKZtJB", "payment_method": "With Khalti", "amount_paid": "199.0", "status": "completed", "created_at": "2023-04-26T05:07:51.316Z"}}, {"model": "orders.payment", "pk": 27, "fields": {"user": 1, "payment_id": "EFCNixjsBrxn6mRchMabai", "payment_method": "With Khalti", "amount_paid": "199.0", "status": "completed", "created_at": "2023-04-26T05:11:12.942Z"}}, {"model": "orders.payment", "pk": 28, "fields": {"user": 1, "payment_id": "yyeCKpouCVkvKhpq9cjQDU", "payment_method": "With Khalti", "amount_paid": "199.0", "status": "completed", "created_at": "2023-04-26T05:12:33.416Z"}}, {"model": "orders.payment", "pk": 29, "fields": {"user": 1, "payment_id": "bAuDU2tPohbcs9FuHjmEaf", "payment_method": "With Khalti", "amount_paid": "199.0", "status": "completed", "created_at": "2023-04-26T05:13:58.215Z"}}, {"model": "orders.payment", "pk": 30, "fields": {"user": 1, "payment_id": "JiSmXqwLt62kMmiHQ9nCSP", "payment_method": "With Khalti", "amount_paid": "199.0", "status": "completed", "created_at": "2023-04-26T05:17:42.162Z"}}, {"model": "orders.payment", "pk": 31, "fields": {"user": 1, "payment_id": "x9Xf8mwtjtqNpspujf5XuF", "payment_method": "With Khalti", "amount_paid": "199.0", "status": "completed", "created_at": "2023-04-26T05:20:36.064Z"}}, {"model": "orders.payment", "pk": 32, "fields": {"user": 1, "payment_id": "ZziLRC32DgTNFKdmthu7jk", "payment_method": "With Khalti", "amount_paid": "199.0", "status": "completed", "created_at": "2023-04-26T05:36:47.123Z"}}, {"model": "orders.payment", "pk": 33, "fields": {"user": 1, "payment_id": "tqU6aRTmLEESW387QYNv93", "payment_method": "With Khalti", "amount_paid": "199.0", "status": "completed", "created_at": "2023-04-26T05:47:43.998Z"}}, {"model": "orders.payment", "pk": 34, "fields": {"user": 1, "payment_id": "apDVYQZNGv7JZXAshxJ2PF", "payment_method": "With Khalti", "amount_paid": "199.0", "status": "completed", "created_at": "2023-04-26T05:51:33.430Z"}}, {"model": "orders.payment", "pk": 35, "fields": {"user": 1, "payment_id": "J4xWCMxfgTNpNPtNCUCoWj", "payment_method": "With Khalti", "amount_paid": "199.0", "status": "completed", "created_at": "2023-04-26T05:52:21.252Z"}}, {"model": "orders.payment", "pk": 36, "fields": {"user": 1, "payment_id": "UWHg4LQC8sFhzM8yaEBv7T", "payment_method": "With Khalti", "amount_paid": "199.0", "status": "completed", "created_at": "2023-04-26T05:53:20.952Z"}}, {"model": "orders.payment", "pk": 37, "fields": {"user": 1, "payment_id": "9mHK5RiQZCr7LReRGYeXGB", "payment_method": "With Khalti", "amount_paid": "199.0", "status": "completed", "created_at": "2023-04-26T05:56:08.135Z"}}, {"model": "orders.payment", "pk": 38, "fields": {"user": 1, "payment_id": "gGjpt4Q4PsvRbzynJnAHi4", "payment_method": "With Khalti", "amount_paid": "199.0", "status": "completed", "created_at": "2023-04-26T06:00:03.200Z"}}, {"model": "orders.payment", "pk": 39, "fields": {"user": 1, "payment_id": "VB8fXWvcvMDK8NFPFDgoG9", "payment_method": "With Khalti", "amount_paid": "199.0", "status": "completed", "created_at": "2023-04-26T06:01:24.863Z"}}, {"model": "orders.payment", "pk": 40, "fields": {"user": 1, "payment_id": "eN4Tof7EvYkuFbCRszorT9", "payment_method": "With Khalti", "amount_paid": "199.0", "status": "completed", "created_at": "2023-04-26T06:02:43.562Z"}}, {"model": "orders.payment", "pk": 41, "fields": {"user": 1, "payment_id": "JtHbx4aMdYD5Yufm6BQmZW", "payment_method": "With Khalti", "amount_paid": "199.0", "status": "completed", "created_at": "2023-04-26T06:03:44.092Z"}}, {"model": "orders.payment", "pk": 42, "fields": {"user": 1, "payment_id": "F9BrZHPn58tyeM8waDKSXc", "payment_method": "With Khalti", "amount_paid": "199.0", "status": "completed", "created_at": "2023-04-26T06:12:35.239Z"}}, {"model": "orders.payment", "pk": 43, "fields": {"user": 1, "payment_id": "CPDuH543Gq265gwdQYXvbP", "payment_method": "With Khalti", "amount_paid": "199.0", "status": "completed", "created_at": "2023-04-26T06:16:50.531Z"}}, {"model": "orders.payment", "pk": 44, "fields": {"user": 1, "payment_id": "eFEGhpdEJUCVMsPPPeFkGR", "payment_method": "With Khalti", "amount_paid": "199.0", "status": "completed", "created_at": "2023-04-26T06:17:42.040Z"}}, {"model": "orders.payment", "pk": 45, "fields": {"user": 1, "payment_id": "cipyCikdyDLv7CBnUWEMLT", "payment_method": "With Khalti", "amount_paid": "199.0", "status": "completed", "created_at": "2023-04-26T06:36:51.476Z"}}, {"model": "orders.payment", "pk": 46, "fields": {"user": 1, "payment_id": "7qnbiV5sBabwdydpSgU5bM", "payment_method": "With Khalti", "amount_paid": "199.0", "status": "completed", "created_at": "2023-04-26T06:45:13.972Z"}}, {"model": "orders.payment", "pk": 47, "fields": {"user": 1, "payment_id": "oHccDUZT9uQShBxkRit8n4", "payment_method": "With Khalti", "amount_paid": "398.0", "status": "completed", "created_at": "2023-04-26T07:02:17.686Z"}}, {"model": "orders.payment", "pk": 48, "fields": {"user": 1, "payment_id": "bKmXziKAh3JzytNoJyy4Rg", "payment_method": "With Khalti", "amount_paid": "199.0", "status": "completed", "created_at": "2023-04-26T07:17:00.662Z"}}, {"model": "orders.payment", "pk": 49, "fields": {"user": 1, "payment_id": "z2QVaTyd7ZitNNkURHdmoH", "payment_method": "With Khalti", "amount_paid": "299.0", "status": "completed", "created_at": "2023-04-26T09:39:25.943Z"}}, {"model": "orders.payment", "pk": 50, "fields": {"user": 1, "payment_id": "YWQfSAfftCgLJNUYoWE4Tm", "payment_method": "With Khalti", "amount_paid": "100.0", "status": "completed", "created_at": "2023-04-26T09:40:20.106Z"}}, {"model": "orders.payment", "pk": 51, "fields": {"user": 1, "payment_id": "dHeaV3HE7YET5kgDHzJWbd", "payment_method": "With Khalti", "amount_paid": "199.0", "status": "completed", "created_at": "2023-04-26T11:31:00.751Z"}}, {"model": "orders.payment", "pk": 52, "fields": {"user": 1, "payment_id": "xnCgrGx9VvNu44XMMtEP5N", "payment_method": "With Khalti", "amount_paid": "299.0", "status": "completed", "created_at": "2023-04-26T11:31:58.745Z"}}, {"model": "orders.payment", "pk": 53, "fields": {"user": 1, "payment_id": "ehuKKKxQLq6PaEgd2AmYGD", "payment_method": "With Khalti", "amount_paid": "100.0", "status": "completed", "created_at": "2023-04-26T11:33:08.540Z"}}, {"model": "orders.payment", "pk": 54, "fields": {"user": 31, "payment_id": "QdH2oTejTBgycVJLpdJ6vj", "payment_method": "With Khalti", "amount_paid": "199.0", "status": "completed", "created_at": "2023-04-26T15:24:37.092Z"}}, {"model": "orders.payment", "pk": 55, "fields": {"user": 28, "payment_id": "QDLiqMWCG5WoXgsCEtxcRP", "payment_method": "With Khalti", "amount_paid": "199.0", "status": "completed", "created_at": "2023-04-26T15:30:33.345Z"}}, {"model": "orders.payment", "pk": 56, "fields": {"user": 1, "payment_id": "7bhqTpHkfD7z5yPyHZ9Mrc", "payment_method": "With Khalti", "amount_paid": "499.0", "status": "completed", "created_at": "2023-04-26T17:01:26.863Z"}}, {"model": "orders.payment", "pk": 57, "fields": {"user": 1, "payment_id": "oggcVGaZbGpr6WthniFMLN", "payment_method": "With Khalti", "amount_paid": "400.0", "status": "completed", "created_at": "2023-04-26T17:04:45.123Z"}}, {"model": "orders.payment", "pk": 58, "fields": {"user": 34, "payment_id": "YYPBnbHy2oMPiKf4D6rbTP", "payment_method": "With Khalti", "amount_paid": "100.0", "status": "completed", "created_at": "2023-04-27T11:22:34.392Z"}}, {"model": "orders.payment", "pk": 59, "fields": {"user": 35, "payment_id": "Mk8Jc8UvfN6osnw5bSCZWH", "payment_method": "With Khalti", "amount_paid": "150.0", "status": "completed", "created_at": "2023-04-27T11:28:11.759Z"}}, {"model": "orders.payment", "pk": 60, "fields": {"user": 1, "payment_id": "JjgLgE4ZRueLBn5NRHtVFf", "payment_method": "With Khalti", "amount_paid": "200.0", "status": "completed", "created_at": "2023-04-27T14:21:28.456Z"}}, {"model": "orders.payment", "pk": 61, "fields": {"user": 1, "payment_id": "QkQiY3tbVdRMtmEMxKQCnF", "payment_method": "With Khalti", "amount_paid": "100.0", "status": "completed", "created_at": "2023-05-04T06:24:11.430Z"}}, {"model": "orders.order", "pk": 146, "fields": {"user": 1, "payment": null, "order_number": "230425146", "first_name": "Sudarshan", "last_name": "Uprety", "phone": "9845928699", "email": "mr.sudarshanuprety@gmail.com", "address_line_1": "Khairahani-08, parsa chitwan, Nepal", "address_line_2": "magani chowk, parsa chitwan Nepal", "state": "Bagmati", "city": "Chitwan", "order_note": "suio", "order_total": 199.0, "tax": 0.0, "status": "New", "is_ordered": false, "created_at": "2023-04-25T11:59:29.774Z", "updated_at": "2023-04-25T11:59:29.777Z"}}, {"model": "orders.order", "pk": 147, "fields": {"user": 1, "payment": 10, "order_number": "230425147", "first_name": "Sudarshan", "last_name": "Uprety", "phone": "9845928699", "email": "mr.sudarshanuprety@gmail.com", "address_line_1": "Khairahani-08, parsa chitwan, Nepal", "address_line_2": "magani chowk, parsa chitwan Nepal", "state": "Bagmati", "city": "Chitwan", "order_note": "suds", "order_total": 199.0, "tax": 0.0, "status": "New", "is_ordered": true, "created_at": "2023-04-25T11:59:36.857Z", "updated_at": "2023-04-25T12:00:02.571Z"}}, {"model": "orders.order", "pk": 148, "fields": {"user": 1, "payment": 11, "order_number": "230425148", "first_name": "Sudarshan", "last_name": "Uprety", "phone": "9845928699", "email": "mr.sudarshanuprety@gmail.com", "address_line_1": "Khairahani-08, parsa chitwan, Nepal", "address_line_2": "magani chowk, parsa chitwan Nepal", "state": "Bagmati", "city": "Chitwan", "order_note": "", "order_total": 199.0, "tax": 0.0, "status": "New", "is_ordered": true, "created_at": "2023-04-25T12:02:52.427Z", "updated_at": "2023-04-25T12:03:16.522Z"}}, {"model": "orders.order", "pk": 149, "fields": {"user": 1, "payment": 12, "order_number": "230425149", "first_name": "Sudarshan", "last_name": "Uprety", "phone": "9845928699", "email": "mr.sudarshanuprety@gmail.com", "address_line_1": "Khairahani-08, parsa chitwan, Nepal", "address_line_2": "magani chowk, parsa chitwan Nepal", "state": "Bagmati", "city": "Chitwan", "order_note": "", "order_total": 199.0, "tax": 0.0, "status": "New", "is_ordered": true, "created_at": "2023-04-25T12:10:03.648Z", "updated_at": "2023-04-25T12:10:33.781Z"}}, {"model": "orders.order", "pk": 150, "fields": {"user": 1, "payment": 13, "order_number": "230426150", "first_name": "Sudarshan", "last_name": "Uprety", "phone": "9845928699", "email": "mr.sudarshanuprety@gmail.com", "address_line_1": "Khairahani-08, parsa chitwan, Nepal", "address_line_2": "magani chowk, parsa chitwan Nepal", "state": "Bagmati", "city": "Chitwan", "order_note": "", "order_total": 199.0, "tax": 0.0, "status": "New", "is_ordered": true, "created_at": "2023-04-26T02:50:25.029Z", "updated_at": "2023-04-26T02:52:17.739Z"}}, {"model": "orders.order", "pk": 151, "fields": {"user": 1, "payment": 14, "order_number": "230426151", "first_name": "Sudarshan", "last_name": "Uprety", "phone": "9845928699", "email": "mr.sudarshanuprety@gmail.com", "address_line_1": "Khairahani-08, parsa chitwan, Nepal", "address_line_2": "magani chowk, parsa chitwan Nepal", "state": "Bagmati", "city": "Chitwan", "order_note": "", "order_total": 199.0, "tax": 0.0, "status": "New", "is_ordered": true, "created_at": "2023-04-26T02:59:51.688Z", "updated_at": "2023-04-26T03:00:29.278Z"}}, {"model": "orders.order", "pk": 152, "fields": {"user": 1, "payment": 15, "order_number": "230426152", "first_name": "Sudarshan", "last_name": "Uprety", "phone": "9845928699", "email": "mr.sudarshanuprety@gmail.com", "address_line_1": "Khairahani-08, parsa chitwan, Nepal", "address_line_2": "magani chowk, parsa chitwan Nepal", "state": "Bagmati", "city": "Chitwan", "order_note": "", "order_total": 199.0, "tax": 0.0, "status": "New", "is_ordered": true, "created_at": "2023-04-26T03:08:03.807Z", "updated_at": "2023-04-26T03:08:33.378Z"}}, {"model": "orders.order", "pk": 153, "fields": {"user": 1, "payment": null, "order_number": "230426153", "first_name": "Sudarshan", "last_name": "Uprety", "phone": "9845928699", "email": "mr.sudarshanuprety@gmail.com", "address_line_1": "Khairahani-08, parsa chitwan, Nepal", "address_line_2": "magani chowk, parsa chitwan Nepal", "state": "Bagmati", "city": "Chitwan", "order_note": "", "order_total": 796.0, "tax": 0.0, "status": "New", "is_ordered": false, "created_at": "2023-04-26T03:12:37.889Z", "updated_at": "2023-04-26T03:12:37.899Z"}}, {"model": "orders.order", "pk": 154, "fields": {"user": 1, "payment": 16, "order_number": "230426154", "first_name": "Sudarshan", "last_name": "Uprety", "phone": "9845928699", "email": "mr.sudarshanuprety@gmail.com", "address_line_1": "Khairahani-08, parsa chitwan, Nepal", "address_line_2": "magani chowk, parsa chitwan Nepal", "state": "Bagmati", "city": "Chitwan", "order_note": "", "order_total": 796.0, "tax": 0.0, "status": "New", "is_ordered": true, "created_at": "2023-04-26T03:13:50.065Z", "updated_at": "2023-04-26T03:14:20.882Z"}}, {"model": "orders.order", "pk": 155, "fields": {"user": 1, "payment": 17, "order_number": "230426155", "first_name": "Sudarshan", "last_name": "Uprety", "phone": "9845928699", "email": "mr.sudarshanuprety@gmail.com", "address_line_1": "Khairahani-08, parsa chitwan, Nepal", "address_line_2": "magani chowk, parsa chitwan Nepal", "state": "Bagmati", "city": "Chitwan", "order_note": "", "order_total": 796.0, "tax": 0.0, "status": "New", "is_ordered": true, "created_at": "2023-04-26T03:16:03.415Z", "updated_at": "2023-04-26T03:16:33.674Z"}}, {"model": "orders.order", "pk": 156, "fields": {"user": 1, "payment": 18, "order_number": "230426156", "first_name": "Sudarshan", "last_name": "Uprety", "phone": "9845928699", "email": "mr.sudarshanuprety@gmail.com", "address_line_1": "Khairahani-08, parsa chitwan, Nepal", "address_line_2": "magani chowk, parsa chitwan Nepal", "state": "Bagmati", "city": "Chitwan", "order_note": "", "order_total": 199.0, "tax": 0.0, "status": "New", "is_ordered": true, "created_at": "2023-04-26T03:24:05.340Z", "updated_at": "2023-04-26T03:24:34.832Z"}}, {"model": "orders.order", "pk": 157, "fields": {"user": 1, "payment": 19, "order_number": "230426157", "first_name": "Sudarshan", "last_name": "Uprety", "phone": "9845928699", "email": "mr.sudarshanuprety@gmail.com", "address_line_1": "Khairahani-08, parsa chitwan, Nepal", "address_line_2": "magani chowk, parsa chitwan Nepal", "state": "Bagmati", "city": "Chitwan", "order_note": "", "order_total": 199.0, "tax": 0.0, "status": "New", "is_ordered": true, "created_at": "2023-04-26T03:26:44.694Z", "updated_at": "2023-04-26T03:27:21.032Z"}}, {"model": "orders.order", "pk": 158, "fields": {"user": 1, "payment": 20, "order_number": "230426158", "first_name": "Sudarshan", "last_name": "Uprety", "phone": "9845928699", "email": "mr.sudarshanuprety@gmail.com", "address_line_1": "Khairahani-08, parsa chitwan, Nepal", "address_line_2": "magani chowk, parsa chitwan Nepal", "state": "Bagmati", "city": "Chitwan", "order_note": "", "order_total": 199.0, "tax": 0.0, "status": "New", "is_ordered": true, "created_at": "2023-04-26T04:19:29.028Z", "updated_at": "2023-04-26T04:20:00.452Z"}}, {"model": "orders.order", "pk": 159, "fields": {"user": 1, "payment": null, "order_number": "230426159", "first_name": "Sudarshan", "last_name": "Uprety", "phone": "9845928699", "email": "mr.sudarshanuprety@gmail.com", "address_line_1": "Khairahani-08, parsa chitwan, Nepal", "address_line_2": "magani chowk, parsa chitwan Nepal", "state": "Bagmati", "city": "Chitwan", "order_note": "", "order_total": 199.0, "tax": 0.0, "status": "New", "is_ordered": false, "created_at": "2023-04-26T04:23:13.731Z", "updated_at": "2023-04-26T04:23:13.740Z"}}, {"model": "orders.order", "pk": 160, "fields": {"user": 1, "payment": 21, "order_number": "230426160", "first_name": "Sudarshan", "last_name": "Uprety", "phone": "9845928699", "email": "mr.sudarshanuprety@gmail.com", "address_line_1": "Khairahani-08, parsa chitwan, Nepal", "address_line_2": "magani chowk, parsa chitwan Nepal", "state": "Bagmati", "city": "Chitwan", "order_note": "", "order_total": 199.0, "tax": 0.0, "status": "New", "is_ordered": true, "created_at": "2023-04-26T04:28:08.775Z", "updated_at": "2023-04-26T04:28:41.960Z"}}, {"model": "orders.order", "pk": 161, "fields": {"user": 1, "payment": 22, "order_number": "230426161", "first_name": "Sudarshan", "last_name": "Uprety", "phone": "9845928699", "email": "mr.sudarshanuprety@gmail.com", "address_line_1": "Khairahani-08, parsa chitwan, Nepal", "address_line_2": "magani chowk, parsa chitwan Nepal", "state": "Bagmati", "city": "Chitwan", "order_note": "csafc", "order_total": 199.0, "tax": 0.0, "status": "New", "is_ordered": true, "created_at": "2023-04-26T04:31:38.138Z", "updated_at": "2023-04-26T04:32:14.987Z"}}, {"model": "orders.order", "pk": 162, "fields": {"user": 1, "payment": 23, "order_number": "230426162", "first_name": "Sudarshan", "last_name": "Uprety", "phone": "9845928699", "email": "mr.sudarshanuprety@gmail.com", "address_line_1": "Khairahani-08, parsa chitwan, Nepal", "address_line_2": "magani chowk, parsa chitwan Nepal", "state": "Bagmati", "city": "Chitwan", "order_note": "", "order_total": 199.0, "tax": 0.0, "status": "New", "is_ordered": true, "created_at": "2023-04-26T04:58:33.898Z", "updated_at": "2023-04-26T04:59:04.483Z"}}, {"model": "orders.order", "pk": 163, "fields": {"user": 1, "payment": 24, "order_number": "230426163", "first_name": "Sudarshan", "last_name": "Uprety", "phone": "9845928699", "email": "mr.sudarshanuprety@gmail.com", "address_line_1": "Khairahani-08, parsa chitwan, Nepal", "address_line_2": "magani chowk, parsa chitwan Nepal", "state": "Bagmati", "city": "Chitwan", "order_note": "", "order_total": 199.0, "tax": 0.0, "status": "New", "is_ordered": true, "created_at": "2023-04-26T05:02:28.567Z", "updated_at": "2023-04-26T05:02:58.571Z"}}, {"model": "orders.order", "pk": 164, "fields": {"user": 1, "payment": 25, "order_number": "230426164", "first_name": "Sudarshan", "last_name": "Uprety", "phone": "9845928699", "email": "mr.sudarshanuprety@gmail.com", "address_line_1": "Khairahani-08, parsa chitwan, Nepal", "address_line_2": "magani chowk, parsa chitwan Nepal", "state": "Bagmati", "city": "Chitwan", "order_note": "", "order_total": 199.0, "tax": 0.0, "status": "New", "is_ordered": true, "created_at": "2023-04-26T05:04:16.018Z", "updated_at": "2023-04-26T05:04:55.611Z"}}, {"model": "orders.order", "pk": 165, "fields": {"user": 1, "payment": 26, "order_number": "230426165", "first_name": "Sudarshan", "last_name": "Uprety", "phone": "9845928699", "email": "mr.sudarshanuprety@gmail.com", "address_line_1": "Khairahani-08, parsa chitwan, Nepal", "address_line_2": "magani chowk, parsa chitwan Nepal", "state": "Bagmati", "city": "Chitwan", "order_note": "", "order_total": 199.0, "tax": 0.0, "status": "New", "is_ordered": true, "created_at": "2023-04-26T05:07:23.154Z", "updated_at": "2023-04-26T05:07:51.319Z"}}, {"model": "orders.order", "pk": 166, "fields": {"user": 1, "payment": 27, "order_number": "230426166", "first_name": "Sudarshan", "last_name": "Uprety", "phone": "9845928699", "email": "mr.sudarshanuprety@gmail.com", "address_line_1": "Khairahani-08, parsa chitwan, Nepal", "address_line_2": "magani chowk, parsa chitwan Nepal", "state": "Bagmati", "city": "Chitwan", "order_note": "", "order_total": 199.0, "tax": 0.0, "status": "New", "is_ordered": true, "created_at": "2023-04-26T05:10:47.874Z", "updated_at": "2023-04-26T05:11:12.945Z"}}, {"model": "orders.order", "pk": 167, "fields": {"user": 1, "payment": 28, "order_number": "230426167", "first_name": "Sudarshan", "last_name": "Uprety", "phone": "9845928699", "email": "mr.sudarshanuprety@gmail.com", "address_line_1": "Khairahani-08, parsa chitwan, Nepal", "address_line_2": "magani chowk, parsa chitwan Nepal", "state": "Bagmati", "city": "Chitwan", "order_note": "", "order_total": 199.0, "tax": 0.0, "status": "New", "is_ordered": true, "created_at": "2023-04-26T05:12:08.604Z", "updated_at": "2023-04-26T05:12:33.419Z"}}, {"model": "orders.order", "pk": 168, "fields": {"user": 1, "payment": 29, "order_number": "230426168", "first_name": "Sudarshan", "last_name": "Uprety", "phone": "9845928699", "email": "mr.sudarshanuprety@gmail.com", "address_line_1": "Khairahani-08, parsa chitwan, Nepal", "address_line_2": "magani chowk, parsa chitwan Nepal", "state": "Bagmati", "city": "Chitwan", "order_note": "", "order_total": 199.0, "tax": 0.0, "status": "New", "is_ordered": true, "created_at": "2023-04-26T05:13:29.283Z", "updated_at": "2023-04-26T05:13:58.220Z"}}, {"model": "orders.order", "pk": 169, "fields": {"user": 1, "payment": 30, "order_number": "230426169", "first_name": "Sudarshan", "last_name": "Uprety", "phone": "9845928699", "email": "mr.sudarshanuprety@gmail.com", "address_line_1": "Khairahani-08, parsa chitwan, Nepal", "address_line_2": "magani chowk, parsa chitwan Nepal", "state": "Bagmati", "city": "Chitwan", "order_note": "", "order_total": 199.0, "tax": 0.0, "status": "New", "is_ordered": true, "created_at": "2023-04-26T05:17:09.617Z", "updated_at": "2023-04-26T05:17:42.166Z"}}, {"model": "orders.order", "pk": 170, "fields": {"user": 1, "payment": 31, "order_number": "230426170", "first_name": "Sudarshan", "last_name": "Uprety", "phone": "9845928699", "email": "mr.sudarshanuprety@gmail.com", "address_line_1": "Khairahani-08, parsa chitwan, Nepal", "address_line_2": "magani chowk, parsa chitwan Nepal", "state": "Bagmati", "city": "Chitwan", "order_note": "", "order_total": 199.0, "tax": 0.0, "status": "New", "is_ordered": true, "created_at": "2023-04-26T05:20:06.697Z", "updated_at": "2023-04-26T05:20:36.067Z"}}, {"model": "orders.order", "pk": 171, "fields": {"user": 1, "payment": 32, "order_number": "230426171", "first_name": "Sudarshan", "last_name": "Uprety", "phone": "9845928699", "email": "mr.sudarshanuprety@gmail.com", "address_line_1": "Khairahani-08, parsa chitwan, Nepal", "address_line_2": "magani chowk, parsa chitwan Nepal", "state": "Bagmati", "city": "Chitwan", "order_note": "", "order_total": 199.0, "tax": 0.0, "status": "New", "is_ordered": true, "created_at": "2023-04-26T05:36:10.912Z", "updated_at": "2023-04-26T05:36:47.133Z"}}, {"model": "orders.order", "pk": 172, "fields": {"user": 1, "payment": 33, "order_number": "230426172", "first_name": "Sudarshan", "last_name": "Uprety", "phone": "9845928699", "email": "mr.sudarshanuprety@gmail.com", "address_line_1": "Khairahani-08, parsa chitwan, Nepal", "address_line_2": "magani chowk, parsa chitwan Nepal", "state": "Bagmati", "city": "Chitwan", "order_note": "", "order_total": 199.0, "tax": 0.0, "status": "New", "is_ordered": true, "created_at": "2023-04-26T05:47:08.143Z", "updated_at": "2023-04-26T05:47:44.001Z"}}, {"model": "orders.order", "pk": 173, "fields": {"user": 1, "payment": 34, "order_number": "230426173", "first_name": "Sudarshan", "last_name": "Uprety", "phone": "9845928699", "email": "mr.sudarshanuprety@gmail.com", "address_line_1": "Khairahani-08, parsa chitwan, Nepal", "address_line_2": "magani chowk, parsa chitwan Nepal", "state": "Bagmati", "city": "Chitwan", "order_note": "", "order_total": 199.0, "tax": 0.0, "status": "New", "is_ordered": true, "created_at": "2023-04-26T05:50:51.152Z", "updated_at": "2023-04-26T05:51:33.434Z"}}, {"model": "orders.order", "pk": 174, "fields": {"user": 1, "payment": 35, "order_number": "230426174", "first_name": "Sudarshan", "last_name": "Uprety", "phone": "9845928699", "email": "mr.sudarshanuprety@gmail.com", "address_line_1": "Khairahani-08, parsa chitwan, Nepal", "address_line_2": "magani chowk, parsa chitwan Nepal", "state": "Bagmati", "city": "Chitwan", "order_note": "", "order_total": 199.0, "tax": 0.0, "status": "New", "is_ordered": true, "created_at": "2023-04-26T05:51:58.583Z", "updated_at": "2023-04-26T05:52:21.256Z"}}, {"model": "orders.order", "pk": 175, "fields": {"user": 1, "payment": 36, "order_number": "230426175", "first_name": "Sudarshan", "last_name": "Uprety", "phone": "9845928699", "email": "mr.sudarshanuprety@gmail.com", "address_line_1": "Khairahani-08, parsa chitwan, Nepal", "address_line_2": "magani chowk, parsa chitwan Nepal", "state": "Bagmati", "city": "Chitwan", "order_note": "", "order_total": 199.0, "tax": 0.0, "status": "New", "is_ordered": true, "created_at": "2023-04-26T05:52:51.883Z", "updated_at": "2023-04-26T05:53:20.955Z"}}, {"model": "orders.order", "pk": 176, "fields": {"user": 1, "payment": 37, "order_number": "230426176", "first_name": "Sudarshan", "last_name": "Uprety", "phone": "9845928699", "email": "mr.sudarshanuprety@gmail.com", "address_line_1": "Khairahani-08, parsa chitwan, Nepal", "address_line_2": "magani chowk, parsa chitwan Nepal", "state": "Bagmati", "city": "Chitwan", "order_note": "", "order_total": 199.0, "tax": 0.0, "status": "New", "is_ordered": true, "created_at": "2023-04-26T05:55:40.959Z", "updated_at": "2023-04-26T05:56:08.138Z"}}, {"model": "orders.order", "pk": 177, "fields": {"user": 1, "payment": 38, "order_number": "230426177", "first_name": "Sudarshan", "last_name": "Uprety", "phone": "9845928699", "email": "mr.sudarshanuprety@gmail.com", "address_line_1": "Khairahani-08, parsa chitwan, Nepal", "address_line_2": "magani chowk, parsa chitwan Nepal", "state": "Bagmati", "city": "Chitwan", "order_note": "", "order_total": 199.0, "tax": 0.0, "status": "New", "is_ordered": true, "created_at": "2023-04-26T05:59:38.168Z", "updated_at": "2023-04-26T06:00:03.205Z"}}, {"model": "orders.order", "pk": 178, "fields": {"user": 1, "payment": 39, "order_number": "230426178", "first_name": "Sudarshan", "last_name": "Uprety", "phone": "9845928699", "email": "mr.sudarshanuprety@gmail.com", "address_line_1": "Khairahani-08, parsa chitwan, Nepal", "address_line_2": "magani chowk, parsa chitwan Nepal", "state": "Bagmati", "city": "Chitwan", "order_note": "", "order_total": 199.0, "tax": 0.0, "status": "New", "is_ordered": true, "created_at": "2023-04-26T06:01:03.923Z", "updated_at": "2023-04-26T06:01:24.866Z"}}, {"model": "orders.order", "pk": 179, "fields": {"user": 1, "payment": 40, "order_number": "230426179", "first_name": "Sudarshan", "last_name": "Uprety", "phone": "9845928699", "email": "mr.sudarshanuprety@gmail.com", "address_line_1": "Khairahani-08, parsa chitwan, Nepal", "address_line_2": "magani chowk, parsa chitwan Nepal", "state": "Bagmati", "city": "Chitwan", "order_note": "", "order_total": 199.0, "tax": 0.0, "status": "New", "is_ordered": true, "created_at": "2023-04-26T06:02:22.458Z", "updated_at": "2023-04-26T06:02:43.566Z"}}, {"model": "orders.order", "pk": 180, "fields": {"user": 1, "payment": 41, "order_number": "230426180", "first_name": "Sudarshan", "last_name": "Uprety", "phone": "9845928699", "email": "mr.sudarshanuprety@gmail.com", "address_line_1": "Khairahani-08, parsa chitwan, Nepal", "address_line_2": "magani chowk, parsa chitwan Nepal", "state": "Bagmati", "city": "Chitwan", "order_note": "", "order_total": 199.0, "tax": 0.0, "status": "New", "is_ordered": true, "created_at": "2023-04-26T06:03:21.695Z", "updated_at": "2023-04-26T06:03:44.097Z"}}, {"model": "orders.order", "pk": 181, "fields": {"user": 1, "payment": null, "order_number": "230426181", "first_name": "Sudarshan", "last_name": "Uprety", "phone": "9845928699", "email": "mr.sudarshanuprety@gmail.com", "address_line_1": "Khairahani-08, parsa chitwan, Nepal", "address_line_2": "magani chowk, parsa chitwan Nepal", "state": "Bagmati", "city": "Chitwan", "order_note": "", "order_total": 199.0, "tax": 0.0, "status": "New", "is_ordered": false, "created_at": "2023-04-26T06:11:23.958Z", "updated_at": "2023-04-26T06:11:23.962Z"}}, {"model": "orders.order", "pk": 182, "fields": {"user": 1, "payment": null, "order_number": "230426182", "first_name": "Sudarshan", "last_name": "Uprety", "phone": "9845928699", "email": "mr.sudarshanuprety@gmail.com", "address_line_1": "Khairahani-08, parsa chitwan, Nepal", "address_line_2": "magani chowk, parsa chitwan Nepal", "state": "Bagmati", "city": "Chitwan", "order_note": "", "order_total": 199.0, "tax": 0.0, "status": "New", "is_ordered": false, "created_at": "2023-04-26T06:11:35.312Z", "updated_at": "2023-04-26T06:11:35.315Z"}}, {"model": "orders.order", "pk": 183, "fields": {"user": 1, "payment": null, "order_number": "230426183", "first_name": "Sudarshan", "last_name": "Uprety", "phone": "9845928699", "email": "mr.sudarshanuprety@gmail.com", "address_line_1": "Khairahani-08, parsa chitwan, Nepal", "address_line_2": "magani chowk, parsa chitwan Nepal", "state": "Bagmati", "city": "Chitwan", "order_note": "", "order_total": 199.0, "tax": 0.0, "status": "New", "is_ordered": false, "created_at": "2023-04-26T06:12:06.317Z", "updated_at": "2023-04-26T06:12:06.327Z"}}, {"model": "orders.order", "pk": 184, "fields": {"user": 1, "payment": 42, "order_number": "230426184", "first_name": "Sudarshan", "last_name": "Uprety", "phone": "9845928699", "email": "mr.sudarshanuprety@gmail.com", "address_line_1": "Khairahani-08, parsa chitwan, Nepal", "address_line_2": "magani chowk, parsa chitwan Nepal", "state": "Bagmati", "city": "Chitwan", "order_note": "", "order_total": 199.0, "tax": 0.0, "status": "New", "is_ordered": true, "created_at": "2023-04-26T06:12:12.145Z", "updated_at": "2023-04-26T06:12:35.249Z"}}, {"model": "orders.order", "pk": 185, "fields": {"user": 1, "payment": 43, "order_number": "230426185", "first_name": "Sudarshan", "last_name": "Uprety", "phone": "9845928699", "email": "mr.sudarshanuprety@gmail.com", "address_line_1": "Khairahani-08, parsa chitwan, Nepal", "address_line_2": "magani chowk, parsa chitwan Nepal", "state": "Bagmati", "city": "Chitwan", "order_note": "", "order_total": 199.0, "tax": 0.0, "status": "New", "is_ordered": true, "created_at": "2023-04-26T06:16:28.955Z", "updated_at": "2023-04-26T06:16:50.542Z"}}, {"model": "orders.order", "pk": 186, "fields": {"user": 1, "payment": 44, "order_number": "230426186", "first_name": "Sudarshan", "last_name": "Uprety", "phone": "9845928699", "email": "mr.sudarshanuprety@gmail.com", "address_line_1": "Khairahani-08, parsa chitwan, Nepal", "address_line_2": "magani chowk, parsa chitwan Nepal", "state": "Bagmati", "city": "Chitwan", "order_note": "", "order_total": 199.0, "tax": 0.0, "status": "New", "is_ordered": true, "created_at": "2023-04-26T06:17:19.033Z", "updated_at": "2023-04-26T06:17:42.052Z"}}, {"model": "orders.order", "pk": 187, "fields": {"user": 1, "payment": 45, "order_number": "230426187", "first_name": "Sudarshan", "last_name": "Uprety", "phone": "9845928699", "email": "mr.sudarshanuprety@gmail.com", "address_line_1": "Khairahani-08, parsa chitwan, Nepal", "address_line_2": "magani chowk, parsa chitwan Nepal", "state": "Bagmati", "city": "Chitwan", "order_note": "", "order_total": 199.0, "tax": 0.0, "status": "New", "is_ordered": true, "created_at": "2023-04-26T06:36:28.583Z", "updated_at": "2023-04-26T06:36:51.479Z"}}, {"model": "orders.order", "pk": 188, "fields": {"user": 1, "payment": 46, "order_number": "230426188", "first_name": "Sudarshan", "last_name": "Uprety", "phone": "9845928699", "email": "mr.sudarshanuprety@gmail.com", "address_line_1": "Khairahani-08, parsa chitwan, Nepal", "address_line_2": "magani chowk, parsa chitwan Nepal", "state": "Bagmati", "city": "Chitwan", "order_note": "", "order_total": 199.0, "tax": 0.0, "status": "New", "is_ordered": true, "created_at": "2023-04-26T06:44:48.949Z", "updated_at": "2023-04-26T06:45:13.976Z"}}, {"model": "orders.order", "pk": 189, "fields": {"user": 1, "payment": null, "order_number": "230426189", "first_name": "Sudarshan", "last_name": "Uprety", "phone": "9845928699", "email": "mr.sudarshanuprety@gmail.com", "address_line_1": "Khairahani-08, parsa chitwan, Nepal", "address_line_2": "magani chowk, parsa chitwan Nepal", "state": "Bagmati", "city": "Chitwan", "order_note": "", "order_total": 199.0, "tax": 0.0, "status": "New", "is_ordered": false, "created_at": "2023-04-26T06:59:05.588Z", "updated_at": "2023-04-26T06:59:05.598Z"}}, {"model": "orders.order", "pk": 190, "fields": {"user": 1, "payment": null, "order_number": "230426190", "first_name": "Sudarshan", "last_name": "Uprety", "phone": "9845928699", "email": "mr.sudarshanuprety@gmail.com", "address_line_1": "Khairahani-08, parsa chitwan, Nepal", "address_line_2": "magani chowk, parsa chitwan Nepal", "state": "Bagmati", "city": "Chitwan", "order_note": "", "order_total": 199.0, "tax": 0.0, "status": "New", "is_ordered": false, "created_at": "2023-04-26T07:00:14.522Z", "updated_at": "2023-04-26T07:00:14.533Z"}}, {"model": "orders.order", "pk": 191, "fields": {"user": 1, "payment": 47, "order_number": "230426191", "first_name": "Sudarshan", "last_name": "Uprety", "phone": "9845928699", "email": "mr.sudarshanuprety@gmail.com", "address_line_1": "Khairahani-08, parsa chitwan, Nepal", "address_line_2": "magani chowk, parsa chitwan Nepal", "state": "Bagmati", "city": "Chitwan", "order_note": "", "order_total": 398.0, "tax": 0.0, "status": "New", "is_ordered": true, "created_at": "2023-04-26T07:01:47.723Z", "updated_at": "2023-04-26T07:02:17.696Z"}}, {"model": "orders.order", "pk": 192, "fields": {"user": 1, "payment": 48, "order_number": "230426192", "first_name": "Sudarshan", "last_name": "Uprety", "phone": "9845928699", "email": "mr.sudarshanuprety@gmail.com", "address_line_1": "Khairahani-08, parsa chitwan, Nepal", "address_line_2": "magani chowk, parsa chitwan Nepal", "state": "Bagmati", "city": "Chitwan", "order_note": "", "order_total": 199.0, "tax": 0.0, "status": "New", "is_ordered": true, "created_at": "2023-04-26T07:16:34.283Z", "updated_at": "2023-04-26T07:17:00.671Z"}}, {"model": "orders.order", "pk": 193, "fields": {"user": 1, "payment": 49, "order_number": "230426193", "first_name": "Sudarshan", "last_name": "Uprety", "phone": "9845928699", "email": "mr.sudarshanuprety@gmail.com", "address_line_1": "Khairahani-08, parsa chitwan, Nepal", "address_line_2": "magani chowk, parsa chitwan Nepal", "state": "Bagmati", "city": "Chitwan", "order_note": "", "order_total": 299.0, "tax": 0.0, "status": "New", "is_ordered": true, "created_at": "2023-04-26T09:38:42.222Z", "updated_at": "2023-04-26T09:39:25.959Z"}}, {"model": "orders.order", "pk": 194, "fields": {"user": 1, "payment": 50, "order_number": "230426194", "first_name": "Sudarshan", "last_name": "Uprety", "phone": "9845928699", "email": "mr.sudarshanuprety@gmail.com", "address_line_1": "Khairahani-08, parsa chitwan, Nepal", "address_line_2": "magani chowk, parsa chitwan Nepal", "state": "Bagmati", "city": "Chitwan", "order_note": "", "order_total": 100.0, "tax": 0.0, "status": "New", "is_ordered": true, "created_at": "2023-04-26T09:39:50.614Z", "updated_at": "2023-04-26T09:40:20.116Z"}}, {"model": "orders.order", "pk": 195, "fields": {"user": 1, "payment": 51, "order_number": "230426195", "first_name": "Sudarshan", "last_name": "Uprety", "phone": "9845928699", "email": "mr.sudarshanuprety@gmail.com", "address_line_1": "Khairahani-08, parsa chitwan, Nepal", "address_line_2": "magani chowk, parsa chitwan Nepal", "state": "Bagmati", "city": "Chitwan", "order_note": "", "order_total": 199.0, "tax": 0.0, "status": "New", "is_ordered": true, "created_at": "2023-04-26T11:30:28.059Z", "updated_at": "2023-04-26T11:31:00.762Z"}}, {"model": "orders.order", "pk": 196, "fields": {"user": 1, "payment": 52, "order_number": "230426196", "first_name": "Sudarshan", "last_name": "Uprety", "phone": "9845928699", "email": "mr.sudarshanuprety@gmail.com", "address_line_1": "Khairahani-08, parsa chitwan, Nepal", "address_line_2": "magani chowk, parsa chitwan Nepal", "state": "Bagmati", "city": "Chitwan", "order_note": "", "order_total": 299.0, "tax": 0.0, "status": "New", "is_ordered": true, "created_at": "2023-04-26T11:31:28.748Z", "updated_at": "2023-04-26T11:31:58.755Z"}}, {"model": "orders.order", "pk": 197, "fields": {"user": 1, "payment": 53, "order_number": "230426197", "first_name": "Sudarshan", "last_name": "Uprety", "phone": "9845928699", "email": "mr.sudarshanuprety@gmail.com", "address_line_1": "Khairahani-08, parsa chitwan, Nepal", "address_line_2": "magani chowk, parsa chitwan Nepal", "state": "Bagmati", "city": "Chitwan", "order_note": "", "order_total": 100.0, "tax": 0.0, "status": "New", "is_ordered": true, "created_at": "2023-04-26T11:32:41.691Z", "updated_at": "2023-04-26T11:33:08.550Z"}}, {"model": "orders.order", "pk": 198, "fields": {"user": 1, "payment": null, "order_number": "230426198", "first_name": "Sudarshan", "last_name": "Uprety", "phone": "9845928699", "email": "mr.sudarshanuprety@gmail.com", "address_line_1": "Khairahani-08, parsa chitwan, Nepal", "address_line_2": "magani chowk, parsa chitwan Nepal", "state": "Bagmati", "city": "Chitwan", "order_note": "", "order_total": 199.0, "tax": 0.0, "status": "New", "is_ordered": false, "created_at": "2023-04-26T11:52:57.168Z", "updated_at": "2023-04-26T11:52:57.179Z"}}, {"model": "orders.order", "pk": 199, "fields": {"user": 31, "payment": 54, "order_number": "230426199", "first_name": "Sudarshan", "last_name": "Uprety", "phone": "9845928699", "email": "mr.sudarshanuprety@gmail.com", "address_line_1": "Khairahani-08, parsa chitwan, Nepal", "address_line_2": "magani chowk, parsa chitwan Nepal", "state": "Bagmati", "city": "Chitwan", "order_note": "", "order_total": 199.0, "tax": 0.0, "status": "New", "is_ordered": true, "created_at": "2023-04-26T15:24:10.595Z", "updated_at": "2023-04-26T15:24:37.096Z"}}, {"model": "orders.order", "pk": 200, "fields": {"user": 28, "payment": 55, "order_number": "230426200", "first_name": "Roji", "last_name": "Kharel", "phone": "9861469672", "email": "miss.rojikharel@gmail.com", "address_line_1": "Khairahani", "address_line_2": "Jyamire", "state": "Bagmati", "city": "Chitwan", "order_note": "Jeans", "order_total": 199.0, "tax": 0.0, "status": "New", "is_ordered": true, "created_at": "2023-04-26T15:28:57.014Z", "updated_at": "2023-04-26T15:30:33.347Z"}}, {"model": "orders.order", "pk": 201, "fields": {"user": 1, "payment": 56, "order_number": "230426201", "first_name": "Sudarshan", "last_name": "Uprety", "phone": "9845928699", "email": "mr.sudarshanuprety@gmail.com", "address_line_1": "Khairahani-08, parsa chitwan, Nepal", "address_line_2": "magani chowk, parsa chitwan Nepal", "state": "Bagmati", "city": "Chitwan", "order_note": "", "order_total": 499.0, "tax": 0.0, "status": "New", "is_ordered": true, "created_at": "2023-04-26T17:00:53.710Z", "updated_at": "2023-04-26T17:01:26.867Z"}}, {"model": "orders.order", "pk": 202, "fields": {"user": 1, "payment": 57, "order_number": "230426202", "first_name": "Sudarshan", "last_name": "Uprety", "phone": "9845928699", "email": "mr.sudarshanuprety@gmail.com", "address_line_1": "Khairahani-08, parsa chitwan, Nepal", "address_line_2": "magani chowk, parsa chitwan Nepal", "state": "Bagmati", "city": "Chitwan", "order_note": "", "order_total": 400.0, "tax": 0.0, "status": "New", "is_ordered": true, "created_at": "2023-04-26T17:04:18.279Z", "updated_at": "2023-04-26T17:04:45.126Z"}}, {"model": "orders.order", "pk": 203, "fields": {"user": 32, "payment": null, "order_number": "230427203", "first_name": "Aditya", "last_name": "Adhikari", "phone": "9845350353", "email": "adityakshetry12@gmail.com", "address_line_1": "bakular", "address_line_2": "", "state": "3", "city": "bakular", "order_note": "xito lyaij muji", "order_total": 597.0, "tax": 0.0, "status": "New", "is_ordered": false, "created_at": "2023-04-27T10:24:37.461Z", "updated_at": "2023-04-27T10:24:37.469Z"}}, {"model": "orders.order", "pk": 204, "fields": {"user": 34, "payment": 58, "order_number": "230427204", "first_name": "roshan", "last_name": "karki", "phone": "9854785487", "email": "kfdas@gmail.com", "address_line_1": "parsa", "address_line_2": "chitwan", "state": "1", "city": "parsa", "order_note": "note", "order_total": 100.0, "tax": 0.0, "status": "New", "is_ordered": true, "created_at": "2023-04-27T11:22:08.978Z", "updated_at": "2023-04-27T11:22:34.397Z"}}, {"model": "orders.order", "pk": 205, "fields": {"user": 35, "payment": 59, "order_number": "230427205", "first_name": "Audrey", "last_name": "Isaac", "phone": "Patrick", "email": "noretuxado@mailinator.com", "address_line_1": "Tad", "address_line_2": "Lewis", "state": "Mason", "city": "Whitney", "order_note": "416 Nobel Road", "order_total": 150.0, "tax": 0.0, "status": "New", "is_ordered": true, "created_at": "2023-04-27T11:26:59.117Z", "updated_at": "2023-04-27T11:28:11.763Z"}}, {"model": "orders.order", "pk": 206, "fields": {"user": 1, "payment": 60, "order_number": "230427206", "first_name": "Sudarshan", "last_name": "Uprety", "phone": "9845928699", "email": "mr.sudarshanuprety@gmail.com", "address_line_1": "Khairahani-08, parsa chitwan, Nepal", "address_line_2": "magani chowk, parsa chitwan Nepal", "state": "Bagmati", "city": "Chitwan", "order_note": "", "order_total": 200.0, "tax": 0.0, "status": "New", "is_ordered": true, "created_at": "2023-04-27T14:20:59.745Z", "updated_at": "2023-04-27T14:21:28.463Z"}}, {"model": "orders.order", "pk": 207, "fields": {"user": 37, "payment": null, "order_number": "230429207", "first_name": "risq", "last_name": "weuiglv", "phone": "38496t", "email": "wekuf@gail.com", "address_line_1": "weiuaw", "address_line_2": "ssig", "state": "wrignw", "city": "wregki", "order_note": "", "order_total": 299.0, "tax": 0.0, "status": "New", "is_ordered": false, "created_at": "2023-04-29T10:04:09.115Z", "updated_at": "2023-04-29T10:04:09.122Z"}}, {"model": "orders.order", "pk": 208, "fields": {"user": 1, "payment": 61, "order_number": "230504208", "first_name": "Sudarshan", "last_name": "Uprety", "phone": "9845928699", "email": "mr.sudarshanuprety@gmail.com", "address_line_1": "Khairahani-08, parsa chitwan, Nepal", "address_line_2": "magani chowk, parsa chitwan Nepal", "state": "Bagmati", "city": "Chitwan", "order_note": "suds", "order_total": 100.0, "tax": 0.0, "status": "New", "is_ordered": true, "created_at": "2023-05-04T06:23:39.875Z", "updated_at": "2023-05-04T06:24:11.435Z"}}, {"model": "orders.orderproduct", "pk": 1, "fields": {"order": 151, "payment": 14, "user": 1, "product": 1, "quantity": 1, "product_price": 199.0, "ordered": true, "created_at": "2023-04-26T03:00:29.291Z", "updated_at": "2023-04-26T03:00:29.291Z", "variations": []}}, {"model": "orders.orderproduct", "pk": 2, "fields": {"order": 152, "payment": 15, "user": 1, "product": 1, "quantity": 1, "product_price": 199.0, "ordered": true, "created_at": "2023-04-26T03:08:33.390Z", "updated_at": "2023-04-26T03:08:33.417Z", "variations": [1, 5]}}, {"model": "orders.orderproduct", "pk": 3, "fields": {"order": 154, "payment": 16, "user": 1, "product": 1, "quantity": 4, "product_price": 199.0, "ordered": true, "created_at": "2023-04-26T03:14:20.897Z", "updated_at": "2023-04-26T03:14:20.921Z", "variations": [1, 5]}}, {"model": "orders.orderproduct", "pk": 4, "fields": {"order": 155, "payment": 17, "user": 1, "product": 1, "quantity": 4, "product_price": 199.0, "ordered": true, "created_at": "2023-04-26T03:16:33.688Z", "updated_at": "2023-04-26T03:16:33.714Z", "variations": [1, 5]}}, {"model": "orders.orderproduct", "pk": 5, "fields": {"order": 156, "payment": 18, "user": 1, "product": 1, "quantity": 1, "product_price": 199.0, "ordered": true, "created_at": "2023-04-26T03:24:34.836Z", "updated_at": "2023-04-26T03:24:34.843Z", "variations": [4, 5]}}, {"model": "orders.orderproduct", "pk": 6, "fields": {"order": 157, "payment": 19, "user": 1, "product": 1, "quantity": 1, "product_price": 199.0, "ordered": true, "created_at": "2023-04-26T03:27:21.038Z", "updated_at": "2023-04-26T03:27:21.049Z", "variations": [2, 5]}}, {"model": "orders.orderproduct", "pk": 7, "fields": {"order": 158, "payment": 20, "user": 1, "product": 1, "quantity": 1, "product_price": 199.0, "ordered": true, "created_at": "2023-04-26T04:20:00.467Z", "updated_at": "2023-04-26T04:20:00.494Z", "variations": [2, 5]}}, {"model": "orders.orderproduct", "pk": 8, "fields": {"order": 160, "payment": 21, "user": 1, "product": 1, "quantity": 1, "product_price": 199.0, "ordered": true, "created_at": "2023-04-26T04:28:41.966Z", "updated_at": "2023-04-26T04:28:41.974Z", "variations": [1, 5]}}, {"model": "orders.orderproduct", "pk": 9, "fields": {"order": 161, "payment": 22, "user": 1, "product": 1, "quantity": 1, "product_price": 199.0, "ordered": true, "created_at": "2023-04-26T04:32:14.994Z", "updated_at": "2023-04-26T04:32:15.004Z", "variations": [3, 5]}}, {"model": "orders.orderproduct", "pk": 10, "fields": {"order": 162, "payment": 23, "user": 1, "product": 1, "quantity": 1, "product_price": 199.0, "ordered": true, "created_at": "2023-04-26T04:59:04.495Z", "updated_at": "2023-04-26T04:59:04.515Z", "variations": [2, 5]}}, {"model": "orders.orderproduct", "pk": 11, "fields": {"order": 163, "payment": 24, "user": 1, "product": 1, "quantity": 1, "product_price": 199.0, "ordered": true, "created_at": "2023-04-26T05:02:58.582Z", "updated_at": "2023-04-26T05:02:58.607Z", "variations": [1, 5]}}, {"model": "orders.orderproduct", "pk": 12, "fields": {"order": 164, "payment": 25, "user": 1, "product": 1, "quantity": 1, "product_price": 199.0, "ordered": true, "created_at": "2023-04-26T05:04:55.623Z", "updated_at": "2023-04-26T05:04:55.646Z", "variations": [3, 5]}}, {"model": "orders.orderproduct", "pk": 13, "fields": {"order": 165, "payment": 26, "user": 1, "product": 1, "quantity": 1, "product_price": 199.0, "ordered": true, "created_at": "2023-04-26T05:07:51.323Z", "updated_at": "2023-04-26T05:07:51.331Z", "variations": [1, 5]}}, {"model": "orders.orderproduct", "pk": 14, "fields": {"order": 166, "payment": 27, "user": 1, "product": 1, "quantity": 1, "product_price": 199.0, "ordered": true, "created_at": "2023-04-26T05:11:12.950Z", "updated_at": "2023-04-26T05:11:12.957Z", "variations": [1, 5]}}, {"model": "orders.orderproduct", "pk": 15, "fields": {"order": 167, "payment": 28, "user": 1, "product": 1, "quantity": 1, "product_price": 199.0, "ordered": true, "created_at": "2023-04-26T05:12:33.426Z", "updated_at": "2023-04-26T05:12:33.435Z", "variations": [1, 5]}}, {"model": "orders.orderproduct", "pk": 16, "fields": {"order": 168, "payment": 29, "user": 1, "product": 1, "quantity": 1, "product_price": 199.0, "ordered": true, "created_at": "2023-04-26T05:13:58.225Z", "updated_at": "2023-04-26T05:13:58.236Z", "variations": [1, 5]}}, {"model": "orders.orderproduct", "pk": 17, "fields": {"order": 169, "payment": 30, "user": 1, "product": 1, "quantity": 1, "product_price": 199.0, "ordered": true, "created_at": "2023-04-26T05:17:42.171Z", "updated_at": "2023-04-26T05:17:42.180Z", "variations": [1, 5]}}, {"model": "orders.orderproduct", "pk": 18, "fields": {"order": 170, "payment": 31, "user": 1, "product": 1, "quantity": 1, "product_price": 199.0, "ordered": true, "created_at": "2023-04-26T05:20:36.073Z", "updated_at": "2023-04-26T05:20:36.083Z", "variations": [1, 5]}}, {"model": "orders.orderproduct", "pk": 19, "fields": {"order": 171, "payment": 32, "user": 1, "product": 1, "quantity": 1, "product_price": 199.0, "ordered": true, "created_at": "2023-04-26T05:36:47.144Z", "updated_at": "2023-04-26T05:36:47.165Z", "variations": [1, 5]}}, {"model": "orders.orderproduct", "pk": 20, "fields": {"order": 172, "payment": 33, "user": 1, "product": 1, "quantity": 1, "product_price": 199.0, "ordered": true, "created_at": "2023-04-26T05:47:44.005Z", "updated_at": "2023-04-26T05:47:44.016Z", "variations": [2, 5]}}, {"model": "orders.orderproduct", "pk": 21, "fields": {"order": 173, "payment": 34, "user": 1, "product": 1, "quantity": 1, "product_price": 199.0, "ordered": true, "created_at": "2023-04-26T05:51:33.438Z", "updated_at": "2023-04-26T05:51:33.445Z", "variations": [1, 5]}}, {"model": "orders.orderproduct", "pk": 22, "fields": {"order": 174, "payment": 35, "user": 1, "product": 1, "quantity": 1, "product_price": 199.0, "ordered": true, "created_at": "2023-04-26T05:52:21.263Z", "updated_at": "2023-04-26T05:52:21.274Z", "variations": [3, 5]}}, {"model": "orders.orderproduct", "pk": 23, "fields": {"order": 175, "payment": 36, "user": 1, "product": 1, "quantity": 1, "product_price": 199.0, "ordered": true, "created_at": "2023-04-26T05:53:20.960Z", "updated_at": "2023-04-26T05:53:20.969Z", "variations": [1, 5]}}, {"model": "orders.orderproduct", "pk": 24, "fields": {"order": 176, "payment": 37, "user": 1, "product": 1, "quantity": 1, "product_price": 199.0, "ordered": true, "created_at": "2023-04-26T05:56:08.146Z", "updated_at": "2023-04-26T05:56:08.153Z", "variations": [1, 5]}}, {"model": "orders.orderproduct", "pk": 25, "fields": {"order": 177, "payment": 38, "user": 1, "product": 1, "quantity": 1, "product_price": 199.0, "ordered": true, "created_at": "2023-04-26T06:00:03.211Z", "updated_at": "2023-04-26T06:00:03.219Z", "variations": [1, 5]}}, {"model": "orders.orderproduct", "pk": 26, "fields": {"order": 178, "payment": 39, "user": 1, "product": 1, "quantity": 1, "product_price": 199.0, "ordered": true, "created_at": "2023-04-26T06:01:24.870Z", "updated_at": "2023-04-26T06:01:24.877Z", "variations": [1, 5]}}, {"model": "orders.orderproduct", "pk": 27, "fields": {"order": 179, "payment": 40, "user": 1, "product": 1, "quantity": 1, "product_price": 199.0, "ordered": true, "created_at": "2023-04-26T06:02:43.573Z", "updated_at": "2023-04-26T06:02:43.584Z", "variations": [1, 5]}}, {"model": "orders.orderproduct", "pk": 28, "fields": {"order": 180, "payment": 41, "user": 1, "product": 1, "quantity": 1, "product_price": 199.0, "ordered": true, "created_at": "2023-04-26T06:03:44.102Z", "updated_at": "2023-04-26T06:03:44.108Z", "variations": [1, 5]}}, {"model": "orders.orderproduct", "pk": 29, "fields": {"order": 184, "payment": 42, "user": 1, "product": 1, "quantity": 1, "product_price": 199.0, "ordered": true, "created_at": "2023-04-26T06:12:35.262Z", "updated_at": "2023-04-26T06:12:35.285Z", "variations": [1, 5]}}, {"model": "orders.orderproduct", "pk": 30, "fields": {"order": 185, "payment": 43, "user": 1, "product": 1, "quantity": 1, "product_price": 199.0, "ordered": true, "created_at": "2023-04-26T06:16:50.555Z", "updated_at": "2023-04-26T06:16:50.579Z", "variations": [2, 5]}}, {"model": "orders.orderproduct", "pk": 31, "fields": {"order": 186, "payment": 44, "user": 1, "product": 1, "quantity": 1, "product_price": 199.0, "ordered": true, "created_at": "2023-04-26T06:17:42.066Z", "updated_at": "2023-04-26T06:17:42.092Z", "variations": [1, 5]}}, {"model": "orders.orderproduct", "pk": 32, "fields": {"order": 187, "payment": 45, "user": 1, "product": 1, "quantity": 1, "product_price": 199.0, "ordered": true, "created_at": "2023-04-26T06:36:51.484Z", "updated_at": "2023-04-26T06:36:51.491Z", "variations": [1, 5]}}, {"model": "orders.orderproduct", "pk": 33, "fields": {"order": 188, "payment": 46, "user": 1, "product": 1, "quantity": 1, "product_price": 199.0, "ordered": true, "created_at": "2023-04-26T06:45:13.981Z", "updated_at": "2023-04-26T06:45:13.988Z", "variations": [4, 5]}}, {"model": "orders.orderproduct", "pk": 34, "fields": {"order": 191, "payment": 47, "user": 1, "product": 1, "quantity": 2, "product_price": 199.0, "ordered": true, "created_at": "2023-04-26T07:02:17.708Z", "updated_at": "2023-04-26T07:02:17.730Z", "variations": [1, 5]}}, {"model": "orders.orderproduct", "pk": 35, "fields": {"order": 192, "payment": 48, "user": 1, "product": 1, "quantity": 1, "product_price": 199.0, "ordered": true, "created_at": "2023-04-26T07:17:00.683Z", "updated_at": "2023-04-26T07:17:00.703Z", "variations": [3, 5]}}, {"model": "orders.orderproduct", "pk": 36, "fields": {"order": 193, "payment": 49, "user": 1, "product": 8, "quantity": 1, "product_price": 100.0, "ordered": true, "created_at": "2023-04-26T09:39:25.973Z", "updated_at": "2023-04-26T09:39:25.997Z", "variations": [7, 8]}}, {"model": "orders.orderproduct", "pk": 37, "fields": {"order": 193, "payment": 49, "user": 1, "product": 1, "quantity": 1, "product_price": 199.0, "ordered": true, "created_at": "2023-04-26T09:39:26.020Z", "updated_at": "2023-04-26T09:39:26.043Z", "variations": [1, 5]}}, {"model": "orders.orderproduct", "pk": 38, "fields": {"order": 194, "payment": 50, "user": 1, "product": 8, "quantity": 1, "product_price": 100.0, "ordered": true, "created_at": "2023-04-26T09:40:20.128Z", "updated_at": "2023-04-26T09:40:20.151Z", "variations": [7, 8]}}, {"model": "orders.orderproduct", "pk": 39, "fields": {"order": 195, "payment": 51, "user": 1, "product": 1, "quantity": 1, "product_price": 199.0, "ordered": true, "created_at": "2023-04-26T11:31:00.775Z", "updated_at": "2023-04-26T11:31:00.801Z", "variations": [1, 5]}}, {"model": "orders.orderproduct", "pk": 40, "fields": {"order": 196, "payment": 52, "user": 1, "product": 1, "quantity": 1, "product_price": 199.0, "ordered": true, "created_at": "2023-04-26T11:31:58.769Z", "updated_at": "2023-04-26T11:31:58.793Z", "variations": [4, 6]}}, {"model": "orders.orderproduct", "pk": 41, "fields": {"order": 196, "payment": 52, "user": 1, "product": 8, "quantity": 1, "product_price": 100.0, "ordered": true, "created_at": "2023-04-26T11:31:58.813Z", "updated_at": "2023-04-26T11:31:58.833Z", "variations": [7, 8]}}, {"model": "orders.orderproduct", "pk": 42, "fields": {"order": 197, "payment": 53, "user": 1, "product": 8, "quantity": 1, "product_price": 100.0, "ordered": true, "created_at": "2023-04-26T11:33:08.564Z", "updated_at": "2023-04-26T11:33:08.586Z", "variations": [7, 8]}}, {"model": "orders.orderproduct", "pk": 43, "fields": {"order": 199, "payment": 54, "user": 31, "product": 1, "quantity": 1, "product_price": 199.0, "ordered": true, "created_at": "2023-04-26T15:24:37.102Z", "updated_at": "2023-04-26T15:24:37.124Z", "variations": [2, 6]}}, {"model": "orders.orderproduct", "pk": 44, "fields": {"order": 200, "payment": 55, "user": 28, "product": 1, "quantity": 1, "product_price": 199.0, "ordered": true, "created_at": "2023-04-26T15:30:33.353Z", "updated_at": "2023-04-26T15:30:33.367Z", "variations": [3, 5]}}, {"model": "orders.orderproduct", "pk": 45, "fields": {"order": 201, "payment": 56, "user": 1, "product": 5, "quantity": 1, "product_price": 499.0, "ordered": true, "created_at": "2023-04-26T17:01:26.876Z", "updated_at": "2023-04-26T17:01:26.898Z", "variations": [25, 40]}}, {"model": "orders.orderproduct", "pk": 46, "fields": {"order": 202, "payment": 57, "user": 1, "product": 3, "quantity": 1, "product_price": 400.0, "ordered": true, "created_at": "2023-04-26T17:04:45.139Z", "updated_at": "2023-04-26T17:04:45.158Z", "variations": [32, 34]}}, {"model": "orders.orderproduct", "pk": 47, "fields": {"order": 204, "payment": 58, "user": 34, "product": 8, "quantity": 1, "product_price": 100.0, "ordered": true, "created_at": "2023-04-27T11:22:34.404Z", "updated_at": "2023-04-27T11:22:34.430Z", "variations": [9, 11]}}, {"model": "orders.orderproduct", "pk": 48, "fields": {"order": 205, "payment": 59, "user": 35, "product": 4, "quantity": 1, "product_price": 150.0, "ordered": true, "created_at": "2023-04-27T11:28:11.770Z", "updated_at": "2023-04-27T11:28:11.787Z", "variations": [27, 29]}}, {"model": "orders.orderproduct", "pk": 49, "fields": {"order": 206, "payment": 60, "user": 1, "product": 2, "quantity": 1, "product_price": 200.0, "ordered": true, "created_at": "2023-04-27T14:21:28.469Z", "updated_at": "2023-04-27T14:21:28.497Z", "variations": [35, 38]}}, {"model": "orders.orderproduct", "pk": 50, "fields": {"order": 208, "payment": 61, "user": 1, "product": 8, "quantity": 1, "product_price": 100.0, "ordered": true, "created_at": "2023-05-04T06:24:11.441Z", "updated_at": "2023-05-04T06:24:11.466Z", "variations": [7, 9]}}]